request_id,timestamp_s,elapsed_s,process_cpu_percent,system_cpu_percent
chatbot_001,1784813430.76221,0.013424773991573602,0.0,5.4
chatbot_001,1784813430.7697744,0.020989281008951366,132.2,4.1
chatbot_001,1784813430.7777462,0.028960953000932932,125.4,0.0
chatbot_001,1784813430.7874978,0.038712562003638595,102.5,1.6
chatbot_001,1784813430.7973845,0.048599441011901945,0.0,3.1
chatbot_001,1784813430.807386,0.05860070697963238,0.0,1.6
chatbot_001,1784813430.8173978,0.06861251400550827,99.9,0.0
chatbot_001,1784813430.8284445,0.07965914800297469,90.5,4.2
chatbot_001,1784813430.8387861,0.09000090998597443,0.0,3.0
chatbot_001,1784813430.8477404,0.09895519999554381,111.7,3.5
chatbot_001,1784813430.8574824,0.10869729897240177,0.0,3.2
chatbot_001,1784813430.8673766,0.11859161697793752,101.1,0.0
chatbot_001,1784813430.877414,0.12862872396362945,99.6,3.1
chatbot_001,1784813430.8873641,0.13857901096343994,0.0,1.6
chatbot_001,1784813430.8973703,0.14858510700287297,0.0,0.0
chatbot_001,1784813430.9073744,0.1585893239825964,199.9,3.1
chatbot_001,1784813430.9173717,0.1685865509789437,0.0,0.0
chatbot_001,1784813430.9273574,0.1785721880150959,0.0,1.6
chatbot_001,1784813430.9373863,0.18860119400778785,0.0,3.1
chatbot_001,1784813430.947359,0.19857380096800625,200.5,1.6
chatbot_001,1784813430.957407,0.20862184697762132,0.0,1.6
chatbot_001,1784813430.9673576,0.2185724750161171,0.0,0.0
chatbot_001,1784813430.977363,0.22857795096933842,100.0,3.1
chatbot_001,1784813430.9873333,0.23854823800502345,100.3,0.0
chatbot_001,1784813430.9973521,0.24856705398997292,0.0,1.6
chatbot_001,1784813431.0073502,0.2585650410037488,100.0,1.6
chatbot_001,1784813431.0173533,0.26856802799738944,0.0,1.6
chatbot_001,1784813431.0273526,0.2785673649632372,0.0,1.6
chatbot_001,1784813431.0373511,0.2885660409810953,100.0,1.6
chatbot_001,1784813431.0473306,0.2985453479923308,100.2,1.6
chatbot_001,1784813431.0573692,0.3085842540021986,0.0,1.6
chatbot_001,1784813431.067348,0.31856288097333163,100.2,1.6
chatbot_001,1784813431.077503,0.32871776598040015,0.0,1.5
chatbot_001,1784813431.0874758,0.33869047299958766,0.0,1.6
chatbot_001,1784813431.097503,0.3487177490023896,99.7,0.0
chatbot_001,1784813431.1074674,0.3586825159727596,100.4,3.1
chatbot_001,1784813431.117477,0.3686917129671201,0.0,1.6
chatbot_001,1784813431.1274557,0.3786706799874082,100.2,0.0
chatbot_001,1784813431.1374922,0.38870722596766427,0.0,1.6
chatbot_001,1784813431.1474712,0.39868608297547325,100.2,3.1
chatbot_001,1784813431.157488,0.4087029590154998,99.8,1.6
chatbot_001,1784813431.1674786,0.41869339597178623,0.0,0.0
chatbot_001,1784813431.1774657,0.4286805730080232,100.1,3.1
chatbot_001,1784813431.1874623,0.43867718998808414,0.0,0.0
chatbot_001,1784813431.1974823,0.44869704596931115,0.0,1.6
chatbot_001,1784813431.2074804,0.4586950929951854,100.0,1.6
chatbot_001,1784813431.217488,0.46870293898973614,0.0,1.6
chatbot_001,1784813431.2274702,0.4786848860094324,100.2,1.6
chatbot_001,1784813431.2374945,0.48870929301483557,99.8,3.1
chatbot_001,1784813431.2475054,0.49872032896382734,0.0,0.0
chatbot_001,1784813431.257519,0.5087340759928338,99.9,1.5
chatbot_001,1784813431.2675095,0.5187244919943623,0.0,1.6
chatbot_001,1784813431.2775147,0.5287295089801773,100.0,3.1
chatbot_001,1784813431.2875078,0.538722755969502,0.0,0.0
chatbot_001,1784813431.2975142,0.5487289919983596,99.9,1.6
chatbot_001,1784813431.3074973,0.5587120889686048,100.2,1.6
chatbot_001,1784813431.3174896,0.5687045659869909,0.0,1.6
chatbot_001,1784813431.3274899,0.5787048030178994,100.0,1.6
chatbot_001,1784813431.3375008,0.5887158690020442,99.9,1.6
chatbot_001,1784813431.347488,0.5987028160016052,0.0,1.6
chatbot_001,1784813431.3575075,0.6087225520168431,0.0,1.6
chatbot_001,1784813431.3674753,0.6186900599859655,100.3,1.6
chatbot_001,1784813431.377483,0.6286979360156693,0.0,1.6
chatbot_001,1784813431.387472,0.638686632970348,100.1,1.6
chatbot_001,1784813431.3975081,0.6487230589846149,99.6,1.6
chatbot_001,1784813431.4074786,0.6586934759980068,0.0,1.6
chatbot_001,1784813431.4175076,0.6687225819914602,0.0,1.6
chatbot_001,1784813431.4274745,0.67868922901107,100.3,0.0
chatbot_001,1784813431.4375207,0.6887355750077404,99.5,3.1
chatbot_001,1784813431.4474862,0.698701232962776,0.0,1.6
chatbot_001,1784813431.4574966,0.7087114389869384,99.9,1.6
chatbot_001,1784813431.4675066,0.7187216259771958,99.9,1.6
chatbot_001,1784813431.477505,0.7287199720158242,0.0,0.0
chatbot_001,1784813431.4874732,0.7386880289996043,0.0,3.1
chatbot_001,1784813431.497482,0.7486968460143544,99.9,0.0
chatbot_001,1784813431.5074892,0.7587040920043364,0.0,3.1
chatbot_001,1784813431.517459,0.7686738100019284,100.3,0.0
chatbot_001,1784813431.527465,0.7786802059854381,99.9,1.6
chatbot_001,1784813431.5374758,0.7886908329674043,0.0,3.1
chatbot_001,1784813431.5474472,0.7986621599993668,100.3,1.6
chatbot_001,1784813431.5574353,0.8086501659709029,0.0,0.0
chatbot_001,1784813431.5674698,0.8186846529715694,0.0,3.1
chatbot_001,1784813431.5774634,0.8286780589842238,200.1,3.1
chatbot_001,1784813431.5874732,0.8386879559839144,0.0,0.0
chatbot_001,1784813431.597512,0.8487267519813031,0.0,3.1
chatbot_001,1784813431.6074498,0.858664728992153,100.6,0.0
chatbot_001,1784813431.61747,0.8686847559874877,99.8,1.6
chatbot_001,1784813431.6274757,0.8786905219894834,0.0,1.6
chatbot_001,1784813431.6374638,0.8886786089860834,0.0,1.6
chatbot_001,1784813431.6474648,0.8986796959652565,100.0,1.6
chatbot_001,1784813431.6574855,0.908700511965435,99.8,1.6
chatbot_001,1784813431.6674676,0.9186824589851312,0.0,1.6
chatbot_001,1784813431.6774533,0.9286680959630758,0.0,1.6
chatbot_001,1784813431.687455,0.9386698930175044,200.0,1.6
chatbot_001,1784813431.6974792,0.9486939589842223,0.0,1.6
chatbot_001,1784813431.7074735,0.9586882159928791,0.0,1.6
chatbot_001,1784813431.7174835,0.9686984019936062,0.0,1.6
chatbot_001,1784813431.7275047,0.9787194289965555,199.6,1.6
chatbot_001,1784813431.7374766,0.9886915959650651,0.0,0.0
chatbot_001,1784813431.7474868,0.998701661999803,0.0,3.1
chatbot_001,1784813431.757504,1.0087188789620996,99.8,1.6
chatbot_001,1784813431.7674873,1.0187020860030316,100.2,1.6
chatbot_001,1784813431.777478,1.0286928520072252,0.0,1.6
chatbot_001,1784813431.7874775,1.0386924489866942,0.0,0.0
chatbot_001,1784813431.797488,1.0487027449999005,199.8,3.1
chatbot_001,1784813431.8074784,1.0586934019811451,0.0,1.6
chatbot_001,1784813431.8174782,1.0686929689836688,0.0,0.0
chatbot_001,1784813431.827492,1.0787069459911436,99.9,1.6
chatbot_001,1784813431.8374646,1.088679421984125,0.0,1.6
chatbot_001,1784813431.8474674,1.098682508978527,100.0,3.1
chatbot_001,1784813431.8574774,1.1086923459661193,99.9,0.0
chatbot_001,1784813431.8674805,1.1186955319717526,0.0,1.6
chatbot_001,1784813431.8774812,1.1286961290170439,0.0,1.6
chatbot_001,1784813431.8874755,1.1386904150131159,0.0,1.6
chatbot_001,1784813431.8974729,1.1486875519622117,200.1,1.6
chatbot_001,1784813431.907491,1.1587060290039517,0.0,1.6
chatbot_001,1784813431.9175234,1.1687382549862377,0.0,1.6
chatbot_001,1784813431.927499,1.1787138920044526,200.5,1.6
chatbot_001,1784813431.9374976,1.1887124690110795,0.0,1.6
chatbot_001,1784813431.9475057,1.1987205150071532,0.0,1.6
chatbot_001,1784813431.9575279,1.2087428119848482,99.8,1.6
chatbot_001,1784813431.9674993,1.218714168004226,0.0,1.6
chatbot_001,1784813431.977512,1.2287268149666488,100.0,1.6
chatbot_001,1784813431.987432,1.2386467430042103,0.0,1.6
chatbot_001,1784813431.9974077,1.2486226600012742,0.0,0.0
chatbot_001,1784813432.0074756,1.2586906859651208,198.7,1.5
chatbot_001,1784813432.0175045,1.2687195719918236,0.0,3.1
chatbot_001,1784813432.0275,1.2787149790092371,0.0,0.0
chatbot_001,1784813432.0374763,1.288691294961609,100.2,3.1
chatbot_001,1784813432.0474892,1.2987041720189154,99.9,1.6
chatbot_001,1784813432.0575085,1.3087231279932894,0.0,1.6
chatbot_001,1784813432.0676575,1.3188722929917276,98.5,3.1
chatbot_001,1784813432.0775275,1.3287423709989525,0.0,1.6
chatbot_001,1784813432.0875173,1.3387320180190727,0.0,3.1
chatbot_001,1784813432.097523,1.3487379240104929,199.9,3.1
chatbot_001,1784813432.107549,1.3587637009914033,0.0,3.1
chatbot_001,1784813432.117536,1.3687507879803888,0.0,0.0
chatbot_001,1784813432.1275153,1.3787301650154404,100.2,1.6
chatbot_001,1784813432.13749,1.3887048320029862,0.0,3.1
chatbot_001,1784813432.1474764,1.3986914179986343,100.1,1.6
chatbot_001,1784813432.1575186,1.4087334639625624,99.6,0.0
chatbot_001,1784813432.1674943,1.4187091710045934,0.0,1.6
chatbot_001,1784813432.177507,1.428721667965874,99.9,3.1
chatbot_001,1784813432.187505,1.4387198949698359,0.0,1.6
chatbot_001,1784813432.1975365,1.4487514810170978,99.7,3.1
chatbot_001,1784813432.2075148,1.4587296479730867,0.0,3.1
chatbot_001,1784813432.2175395,1.4687545640044846,99.8,4.7
chatbot_001,1784813432.2275696,1.4787844800157472,0.0,3.1
chatbot_001,1784813432.2375836,1.4887984470115043,0.0,4.6
chatbot_001,1784813432.2476323,1.4988472129916772,199.0,0.0
chatbot_001,1784813432.2575598,1.508774789981544,0.0,3.1
chatbot_001,1784813432.2675552,1.518770226975903,0.0,3.1
chatbot_001,1784813432.277532,1.5287470339681022,100.2,1.6
chatbot_001,1784813432.287515,1.5387296309927478,100.2,3.1
chatbot_001,1784813432.2975173,1.5487321770051494,0.0,0.0
chatbot_001,1784813432.307493,1.5587076540105045,100.2,3.1
chatbot_001,1784813432.317534,1.5687488699913956,0.0,1.6
chatbot_001,1784813432.3274987,1.5787135469727218,100.4,1.6
chatbot_001,1784813432.337512,1.5887267139623873,99.9,1.6
chatbot_001,1784813432.347517,1.598731770995073,0.0,1.6
chatbot_001,1784813432.357544,1.608758846996352,0.0,0.0
chatbot_001,1784813432.367516,1.618730963964481,100.3,3.1
chatbot_001,1784813432.377509,1.6287240009987727,0.0,1.6
chatbot_001,1784813432.3874862,1.6387009780155495,100.2,0.0
chatbot_001,1784813432.397564,1.6487789030070417,99.2,3.1
chatbot_001,1784813432.4075096,1.6587244200054556,0.0,1.6
chatbot_001,1784813432.4175777,1.668792605982162,0.0,3.1
chatbot_001,1784813432.4275434,1.6787581230164506,100.3,1.6
chatbot_001,1784813432.4376192,1.688834079017397,99.3,1.5
chatbot_001,1784813432.4475036,1.698718457017094,0.0,1.6
chatbot_001,1784813432.457495,1.708709803991951,100.1,1.6
chatbot_001,1784813432.4674926,1.7187073599779978,0.0,1.6
chatbot_001,1784813432.4774983,1.7287132369820029,99.9,1.6
chatbot_001,1784813432.4875,1.738714833976701,0.0,1.6
chatbot_001,1784813432.4975119,1.7487269300036132,99.9,1.6
chatbot_001,1784813432.5075023,1.7587173269712366,100.1,1.6
chatbot_001,1784813432.517497,1.76871203398332,0.0,1.6
chatbot_001,1784813432.5275004,1.7787150499643758,0.0,1.6
chatbot_001,1784813432.5374959,1.788710746972356,200.1,1.6
chatbot_001,1784813432.5475037,1.798718344012741,0.0,3.1
chatbot_001,1784813432.5574918,1.8087066999869421,0.0,1.6
chatbot_001,1784813432.5675182,1.8187329769716598,99.7,3.1
chatbot_001,1784813432.5775156,1.828730352979619,0.0,0.0
chatbot_001,1784813432.5875006,1.8387154099764302,100.2,1.6
chatbot_001,1784813432.597483,1.8486978369764984,100.2,1.6
chatbot_001,1784813432.6074917,1.8587066229665652,0.0,1.6
chatbot_001,1784813432.6175065,1.8687215599929914,0.0,0.0
chatbot_001,1784813432.6275015,1.8787165969843045,100.1,3.1
chatbot_001,1784813432.6374905,1.888705393008422,100.1,1.6
chatbot_001,1784813432.647479,1.8986939499736764,0.0,1.6
chatbot_001,1784813432.659346,1.9105613540159538,84.3,1.3
chatbot_001,1784813432.6674259,1.9186406939988956,0.0,1.9
chatbot_001,1784813432.677472,1.9286869500065222,99.6,1.6
chatbot_001,1784813432.687481,1.938695707009174,0.0,0.0
chatbot_001,1784813432.6974638,1.9486787340138108,100.2,1.6
chatbot_001,1784813432.7088048,1.9600198339903727,88.2,2.7
chatbot_002,1784813432.71798,0.007042183016892523,0.0,2.8
chatbot_002,1784813432.7277915,0.016853811976034194,101.9,3.2
chatbot_002,1784813432.7377682,0.026830328977666795,100.2,0.0
chatbot_002,1784813432.747755,0.03681709599914029,0.0,1.6
chatbot_002,1784813432.757809,0.046871141996234655,0.0,1.6
chatbot_002,1784813432.7677755,0.056837558979168534,100.3,1.6
chatbot_002,1784813432.7777715,0.06683367601362988,100.0,0.0
chatbot_002,1784813432.7877772,0.07683954201638699,0.0,3.1
chatbot_002,1784813432.797785,0.08684734901180491,99.9,1.6
chatbot_002,1784813432.8077579,0.09681992599507794,100.3,1.6
chatbot_002,1784813432.8177931,0.10685524198925123,0.0,1.6
chatbot_002,1784813432.8277833,0.11684563901508227,0.0,1.6
chatbot_002,1784813432.8377779,0.12684011599048972,0.0,1.6
chatbot_002,1784813432.8477693,0.1368316119769588,200.2,1.6
chatbot_002,1784813432.8577473,0.14680921897524968,0.0,1.6
chatbot_002,1784813432.8688705,0.15793252200819552,89.9,2.8
chatbot_002,1784813432.8790102,0.1680725269834511,98.6,3.1
chatbot_002,1784813432.887926,0.17698814702453092,0.0,3.5
chatbot_002,1784813432.8978143,0.18687655497342348,0.0,3.2
chatbot_002,1784813432.9077687,0.19683090201579034,100.5,1.6
chatbot_002,1784813432.9177718,0.20683384902076796,100.0,0.0
chatbot_002,1784813432.927752,0.21681398496730253,0.0,3.1
chatbot_002,1784813432.9377334,0.22679559199605137,0.0,0.0
chatbot_002,1784813432.9477348,0.2367969990009442,200.0,1.6
chatbot_002,1784813432.9577837,0.24684586498187855,0.0,1.5
chatbot_002,1784813432.9677632,0.2568254619836807,0.0,1.6
chatbot_002,1784813432.977759,0.26682113896822557,0.0,1.6
chatbot_002,1784813432.987766,0.2768281949684024,199.9,0.0
chatbot_002,1784813432.9977639,0.2868260120158084,0.0,1.6
chatbot_002,1784813433.0077748,0.29683690797537565,0.0,3.0
chatbot_002,1784813433.01777,0.306832164991647,0.0,0.0
chatbot_002,1784813433.027783,0.3168451219680719,99.9,1.5
chatbot_002,1784813433.0377889,0.3268510579946451,99.9,1.6
chatbot_002,1784813433.047757,0.3368190350010991,0.0,1.6
chatbot_002,1784813433.05774,0.34680205199401826,100.2,1.6
chatbot_002,1784813433.0677693,0.35683161800261587,99.7,1.5
chatbot_002,1784813433.0779414,0.36700371198821813,0.0,1.5
chatbot_002,1784813433.0878859,0.37694812001427636,100.5,0.0
chatbot_002,1784813433.0977852,0.38684739801101387,0.0,3.1
chatbot_002,1784813433.1077876,0.39684967399807647,100.0,0.0
chatbot_002,1784813433.1177993,0.4068612710107118,0.0,3.1
chatbot_002,1784813433.127782,0.4168444169918075,100.2,0.0
chatbot_002,1784813433.137802,0.4268640439840965,0.0,1.6
chatbot_002,1784813433.1477597,0.43682180100586265,0.0,1.6
chatbot_002,1784813433.1578166,0.44687884696759284,198.9,1.5
chatbot_002,1784813433.167815,0.4568770140176639,0.0,1.6
chatbot_002,1784813433.1777837,0.46684591099619865,0.0,1.6
chatbot_002,1784813433.187798,0.47686017700470984,99.9,0.0
chatbot_002,1784813433.1977768,0.48683901398908347,100.2,1.6
chatbot_002,1784813433.207802,0.49686432001180947,99.8,1.6
chatbot_002,1784813433.2177854,0.5068476069718599,0.0,3.1
chatbot_002,1784813433.2278104,0.5168725429684855,0.0,0.0
chatbot_002,1784813433.23782,0.5268821099889465,99.9,1.6
chatbot_002,1784813433.2478137,0.5368757270043716,0.0,0.0
chatbot_002,1784813433.2578163,0.5468783730175346,100.0,3.1
chatbot_002,1784813433.267794,0.5568561499821953,0.0,0.0
chatbot_002,1784813433.2777805,0.566842756990809,100.1,1.6
chatbot_002,1784813433.2878156,0.5768779229838401,99.7,3.1
chatbot_002,1784813433.2977922,0.586854429973755,0.0,0.0
chatbot_002,1784813433.3077824,0.596844476996921,100.1,1.6
chatbot_002,1784813433.3177907,0.606852862983942,0.0,1.6
chatbot_002,1784813433.3278236,0.6168858290184289,0.0,1.6
chatbot_002,1784813433.3377938,0.6268559159943834,200.6,1.6
chatbot_002,1784813433.3477862,0.6368484529666603,0.0,1.6
chatbot_002,1784813433.3577905,0.6468525789678097,0.0,1.6
chatbot_002,1784813433.3677666,0.6568285960238427,100.2,0.0
chatbot_002,1784813433.3778007,0.6668629230116494,99.7,3.1
chatbot_002,1784813433.3878067,0.6768689989694394,0.0,0.0
chatbot_002,1784813433.3978148,0.6868769460124895,0.0,1.6
chatbot_002,1784813433.4077826,0.6968448630068451,100.3,0.0
chatbot_002,1784813433.4178247,0.7068870490184054,99.6,3.1
chatbot_002,1784813433.4278193,0.7168815659824759,0.0,0.0
chatbot_002,1784813433.43779,0.7268522329977714,0.0,1.6
chatbot_002,1784813433.4478624,0.7369245080044493,198.6,1.6
chatbot_002,1784813433.457809,0.7468710850225762,0.0,1.6
chatbot_002,1784813433.467797,0.7568592220195569,0.0,1.6
chatbot_002,1784813433.4777966,0.7668587290099822,0.0,1.6
chatbot_002,1784813433.4877913,0.7768536349758506,200.1,0.0
chatbot_002,1784813433.497782,0.7868441920145415,0.0,3.1
chatbot_002,1784813433.507796,0.7968580090091564,0.0,1.6
chatbot_002,1784813433.5177991,0.8068612049682997,100.0,0.0
chatbot_002,1784813433.5278192,0.8168814220116474,0.0,1.6
chatbot_002,1784813433.5377882,0.8268503489671275,100.3,0.0
chatbot_002,1784813433.5477977,0.8368598149972968,99.9,3.1
chatbot_002,1784813433.557791,0.8468531420221552,0.0,1.5
chatbot_002,1784813433.56783,0.8568920880206861,99.6,3.1
chatbot_002,1784813433.577794,0.8668562750099227,0.0,1.6
chatbot_002,1784813433.5877738,0.8768359220121056,100.2,0.0
chatbot_002,1784813433.5977886,0.8868507579900324,0.0,3.1
chatbot_002,1784813433.607809,0.8968710849876516,99.8,0.0
chatbot_002,1784813433.6178272,0.9068892609793693,99.8,1.6
chatbot_002,1784813433.6277933,0.9168555280193686,0.0,1.6
chatbot_002,1784813433.637808,0.926870314986445,0.0,0.0
chatbot_002,1784813433.647807,0.9368691410054453,100.0,3.1
chatbot_002,1784813433.6578007,0.9468629879993387,100.1,1.6
chatbot_002,1784813433.6677954,0.956857695011422,0.0,0.0
chatbot_002,1784813433.677801,0.9668630710220896,0.0,1.6
chatbot_002,1784813433.687801,0.976862968003843,100.0,1.6
chatbot_002,1784813433.697778,0.9868399950210005,100.2,1.6
chatbot_002,1784813433.7078218,0.9968840209767222,0.0,1.6
chatbot_002,1784813433.7178404,1.0069025870179757,99.8,0.0
chatbot_002,1784813433.72781,1.0168719440116547,0.0,3.1
chatbot_002,1784813433.7377791,1.0268414610181935,100.3,0.0
chatbot_002,1784813433.747814,1.0368761169956997,0.0,1.6
chatbot_002,1784813433.7577922,1.046854334010277,100.2,1.6
chatbot_002,1784813433.767828,1.0568901000078768,0.0,1.6
chatbot_002,1784813433.77782,1.0668822170118801,100.1,1.6
chatbot_002,1784813433.7877858,1.0768479540129192,100.3,0.0
chatbot_002,1784813433.7977614,1.0868237109971233,0.0,1.6
chatbot_002,1784813433.807777,1.0968392670038156,0.0,3.1
chatbot_002,1784813433.817798,1.1068600839935243,99.8,0.0
chatbot_002,1784813433.8278234,1.1168855999712832,0.0,1.6
chatbot_002,1784813433.8377817,1.1268440170097165,200.8,1.6
chatbot_002,1784813433.8477857,1.1368479640223086,0.0,1.6
chatbot_002,1784813433.8577964,1.1468585900147445,99.9,1.6
chatbot_002,1784813433.8677862,1.156848396989517,0.0,0.0
chatbot_002,1784813433.877804,1.1668661329895258,0.0,3.1
chatbot_002,1784813433.887774,1.1768362399889156,100.3,0.0
chatbot_002,1784813433.8977644,1.186826627003029,100.1,1.6
chatbot_002,1784813433.9077914,1.1968534729676321,0.0,1.6
chatbot_002,1784813433.9178,1.2068620100035332,0.0,0.0
chatbot_002,1784813433.9277904,1.2168524069711566,200.2,3.1
chatbot_002,1784813433.93782,1.2268822030164301,0.0,1.5
chatbot_002,1784813433.9477894,1.2368513499968685,0.0,0.0
chatbot_002,1784813433.9577854,1.246847516973503,0.0,3.1
chatbot_002,1784813433.9678004,1.2568625429994427,99.9,1.6
chatbot_002,1784813433.9777908,1.2668527499772608,100.1,0.0
chatbot_002,1784813433.9877658,1.2768278970033862,100.2,1.6
chatbot_002,1784813433.997802,1.2868640630040318,0.0,0.0
chatbot_002,1784813434.0077875,1.296849670005031,0.0,3.1
chatbot_002,1784813434.0177948,1.3068570459727198,0.0,1.6
chatbot_002,1784813434.0278046,1.3168668830185197,199.8,0.0
chatbot_002,1784813434.037782,1.3268440390238538,0.0,1.6
chatbot_002,1784813434.047803,1.336864956014324,0.0,3.1
chatbot_002,1784813434.0578053,1.3468673420138657,100.0,1.6
chatbot_002,1784813434.0678022,1.3568641389720142,100.0,1.6
chatbot_002,1784813434.07782,1.3668822349864058,0.0,0.0
chatbot_002,1784813434.087837,1.3768991719698533,99.8,3.0
chatbot_002,1784813434.0978265,1.3868886179989204,0.0,1.6
chatbot_002,1784813434.1078267,1.3968887950177304,100.0,0.0
chatbot_002,1784813434.1178305,1.4068925919709727,0.0,1.6
chatbot_002,1784813434.1278634,1.416925587982405,99.7,0.0
chatbot_002,1784813434.1378129,1.426874905009754,100.5,3.1
chatbot_002,1784813434.1478086,1.4368706310051493,0.0,1.6
chatbot_002,1784813434.157799,1.446860977972392,0.0,0.0
chatbot_002,1784813434.167834,1.4568961539771408,99.6,3.1
chatbot_002,1784813434.177817,1.4668791209696792,0.0,1.6
chatbot_002,1784813434.1878226,1.4768847880186513,99.9,0.0
chatbot_002,1784813434.1977968,1.4868589449906722,100.3,1.6
chatbot_002,1784813434.2078395,1.4969017410185188,0.0,0.0
chatbot_002,1784813434.2178154,1.506877608015202,100.2,1.6
chatbot_002,1784813434.227835,1.5168969439691864,99.8,3.1
chatbot_002,1784813434.2378142,1.5268764109932818,0.0,0.0
chatbot_002,1784813434.2477918,1.5368539780029096,0.0,3.1
chatbot_002,1784813434.2577572,1.5468192850239575,100.4,1.6
chatbot_002,1784813434.267769,1.5568312209798023,99.9,0.0
chatbot_002,1784813434.27776,1.5668220479856245,0.0,1.6
chatbot_002,1784813434.2877536,1.576815734966658,100.1,1.6
chatbot_002,1784813434.2977526,1.5868148209992796,0.0,1.6
chatbot_002,1784813434.3077717,1.5968337280210108,99.8,1.6
chatbot_002,1784813434.317746,1.606808173994068,0.0,0.0
chatbot_002,1784813434.3278127,1.6168747899937443,99.3,3.1
chatbot_002,1784813434.3378034,1.6268653870210983,0.0,1.6
chatbot_002,1784813434.3477993,1.6368614829843864,100.0,0.0
chatbot_002,1784813434.3577836,1.6468457599985413,0.0,3.1
chatbot_002,1784813434.367793,1.6568552369717509,0.0,1.6
chatbot_002,1784813434.3777843,1.666846494015772,200.2,0.0
chatbot_002,1784813434.3877873,1.676849420007784,0.0,1.6
chatbot_002,1784813434.397808,1.6868704059743322,0.0,1.6
chatbot_002,1784813434.407802,1.6968641830026172,200.1,1.6
chatbot_002,1784813434.4178152,1.7068774200160988,0.0,3.1
chatbot_002,1784813434.4278085,1.7168706959928386,0.0,1.6
chatbot_002,1784813434.4377975,1.7268597629736178,100.1,4.6
chatbot_002,1784813434.4477775,1.7368398099788465,0.0,3.1
chatbot_002,1784813434.4578114,1.7468735660077073,99.7,1.6
chatbot_002,1784813434.4677784,1.7568406829959713,0.0,1.6
chatbot_002,1784813434.4778082,1.7668702289811336,99.7,0.0
chatbot_002,1784813434.4877808,1.7768430560245179,0.0,1.6
chatbot_002,1784813434.4978094,1.7868715120130219,99.7,1.6
chatbot_002,1784813434.5078166,1.796878648980055,99.9,1.6
chatbot_002,1784813434.5178275,1.806889855011832,0.0,1.6
chatbot_002,1784813434.5278232,1.816885211970657,0.0,1.6
chatbot_002,1784813434.5378525,1.8269145080121234,99.7,3.1
chatbot_002,1784813434.547797,1.836859265982639,100.6,0.0
chatbot_002,1784813434.5582633,1.847325655980967,0.0,1.5
chatbot_003,1784813434.5745823,0.016100211010780185,0.0,4.0
chatbot_003,1784813434.5813518,0.022869247011840343,147.7,2.3
chatbot_003,1784813434.5899982,0.03151597100077197,0.0,0.0
chatbot_003,1784813434.5998642,0.041381979011930525,101.4,1.6
chatbot_003,1784813434.6098444,0.051362186030019075,0.0,3.1
chatbot_003,1784813434.6198294,0.06134732300415635,100.1,0.0
chatbot_003,1784813434.6298077,0.07132534903939813,0.0,1.6
chatbot_003,1784813434.639833,0.08135066600516438,99.8,3.1
chatbot_003,1784813434.649803,0.09132065303856507,100.3,0.0
chatbot_003,1784813434.6597824,0.1013001500396058,0.0,1.6
chatbot_003,1784813434.6698108,0.11132825602544472,0.0,1.6
chatbot_003,1784813434.6798,0.12131782301003113,100.1,1.6
chatbot_003,1784813434.689809,0.13132688903715461,99.9,1.6
chatbot_003,1784813434.6997917,0.1413092160364613,0.0,1.6
chatbot_003,1784813434.7097988,0.15131650201510638,0.0,1.6
chatbot_003,1784813434.7198048,0.16132247901987284,99.9,1.6
chatbot_003,1784813434.729798,0.17131591500947252,100.1,1.6
chatbot_003,1784813434.7397943,0.1813118919963017,0.0,1.6
chatbot_003,1784813434.749797,0.19131485902471468,100.0,0.0
chatbot_003,1784813434.759799,0.2013167150435038,0.0,1.6
chatbot_003,1784813434.7697918,0.21130954200634733,0.0,3.1
chatbot_003,1784813434.779812,0.2213298780261539,199.6,1.6
chatbot_003,1784813434.7898319,0.23134970501996577,0.0,1.6
chatbot_003,1784813434.7998822,0.24139990098774433,0.0,1.5
chatbot_003,1784813434.809869,0.2513867969973944,100.1,1.6
chatbot_003,1784813434.8198426,0.2613603640347719,100.3,1.6
chatbot_003,1784813434.8298364,0.27135386102600023,0.0,1.6
chatbot_003,1784813434.839852,0.28136983700096607,0.0,1.5
chatbot_003,1784813434.8498175,0.29133523401105776,100.3,1.6
chatbot_003,1784813434.8598454,0.3013629310298711,99.7,1.5
chatbot_003,1784813434.8698626,0.31138044700492173,0.0,0.0
chatbot_003,1784813434.8798132,0.3213307340047322,0.0,3.1
chatbot_003,1784813434.8898196,0.33133741101482883,99.9,1.6
chatbot_003,1784813434.9004846,0.3420023490325548,93.8,2.9
chatbot_003,1784813434.9111962,0.35271384700899944,0.0,1.5
chatbot_003,1784813434.9199321,0.3614499589893967,114.5,3.6
chatbot_003,1784813434.9298503,0.371368007035926,100.8,1.6
chatbot_003,1784813434.9398608,0.38137837301474065,0.0,3.1
chatbot_003,1784813434.94983,0.39134783000918105,100.3,1.6
chatbot_003,1784813434.959813,0.4013308270368725,0.0,0.0
chatbot_003,1784813434.9698355,0.4113531730254181,0.0,1.6
chatbot_003,1784813434.9797847,0.4213025100179948,201.0,3.1
chatbot_003,1784813434.9898283,0.43134610599372536,0.0,0.0
chatbot_003,1784813434.9998617,0.4413793930434622,0.0,1.6
chatbot_003,1784813435.009804,0.4513218100182712,100.6,1.6
chatbot_003,1784813435.0198226,0.46134023601189256,0.0,1.6
chatbot_003,1784813435.0298305,0.4713479829952121,0.0,3.1
chatbot_003,1784813435.0398734,0.4813909290242009,199.1,1.6
chatbot_003,1784813435.0498648,0.4913823460228741,0.0,0.0
chatbot_003,1784813435.0598497,0.5013674520305358,0.0,1.6
chatbot_003,1784813435.0713768,0.5128945600008592,86.8,2.7
chatbot_003,1784813435.0799227,0.5214404540020041,116.9,0.0
chatbot_003,1784813435.089886,0.5314035310293548,0.0,1.6
chatbot_003,1784813435.0999255,0.5414430579985492,0.0,3.1
chatbot_003,1784813435.1098921,0.5514097849954851,200.7,1.6
chatbot_003,1784813435.1199005,0.5614181410055608,0.0,0.0
chatbot_003,1784813435.1298966,0.5714145080419257,0.0,1.6
chatbot_003,1784813435.139851,0.5813687050249428,100.5,3.1
chatbot_003,1784813435.149853,0.5913706610444933,0.0,0.0
chatbot_003,1784813435.1598647,0.6013821380329318,99.9,1.6
chatbot_003,1784813435.1698465,0.6113642150303349,0.0,3.1
chatbot_003,1784813435.1798236,0.6213412610231899,100.2,0.0
chatbot_003,1784813435.1898549,0.6313725379877724,0.0,1.6
chatbot_003,1784813435.1998534,0.6413709740154445,100.0,1.6
chatbot_003,1784813435.2098773,0.6513948010397144,99.8,0.0
chatbot_003,1784813435.2198415,0.6613592070061713,0.0,3.1
chatbot_003,1784813435.2298694,0.6713868840015493,0.0,1.6
chatbot_003,1784813435.2398417,0.6813595310086384,200.5,1.6
chatbot_003,1784813435.2498503,0.6913681570440531,0.0,0.0
chatbot_003,1784813435.2598448,0.7013626240077429,0.0,3.1
chatbot_003,1784813435.26988,0.7113977100234479,99.7,1.6
chatbot_003,1784813435.2798588,0.7213767470093444,100.2,1.6
chatbot_003,1784813435.2898786,0.7313961629988626,0.0,1.6
chatbot_003,1784813435.2998402,0.7413579300045967,0.0,0.0
chatbot_003,1784813435.30988,0.7513977659982629,99.6,3.1
chatbot_003,1784813435.319872,0.7613895530230366,0.0,1.6
chatbot_003,1784813435.3298907,0.7714085890329443,99.8,1.6
chatbot_003,1784813435.3398604,0.7813780460273847,100.3,0.0
chatbot_003,1784813435.3498442,0.7913619730388746,0.0,1.6
chatbot_003,1784813435.35988,0.8013977489899844,99.6,3.1
chatbot_003,1784813435.369921,0.8114388250396587,0.0,0.0
chatbot_003,1784813435.3798873,0.8214049219968729,100.3,1.6
chatbot_003,1784813435.3898802,0.831397678994108,0.0,3.1
chatbot_003,1784813435.3998427,0.8413604060187936,100.4,0.0
chatbot_003,1784813435.4098473,0.8513648820226081,0.0,1.6
chatbot_003,1784813435.4198632,0.8613811290124431,99.8,1.6
chatbot_003,1784813435.4298975,0.8714151949970983,99.7,1.6
chatbot_003,1784813435.439863,0.8813807720434852,0.0,1.6
chatbot_003,1784813435.4498613,0.891379158012569,100.0,1.6
chatbot_003,1784813435.4598684,0.9013860150007531,0.0,1.6
chatbot_003,1784813435.469862,0.9113794920267537,100.1,0.0
chatbot_003,1784813435.4798727,0.9213903880445287,0.0,1.6
chatbot_003,1784813435.4898758,0.9313935239915736,0.0,3.1
chatbot_003,1784813435.4998646,0.9413822910282761,200.2,1.6
chatbot_003,1784813435.509855,0.9513727580197155,0.0,1.6
chatbot_003,1784813435.5198376,0.9613553350209258,0.0,0.0
chatbot_003,1784813435.5298743,0.9713922110386193,0.0,3.1
chatbot_003,1784813435.5398843,0.9814020569901913,99.9,1.6
chatbot_003,1784813435.5498552,0.9913728540414013,100.3,0.0
chatbot_003,1784813435.559878,1.0013958900235593,0.0,1.6
chatbot_003,1784813435.569915,1.0114328270428814,99.6,3.1
chatbot_003,1784813435.5798488,1.021366344008129,100.7,0.0
chatbot_003,1784813435.5898826,1.0314003599924035,0.0,1.6
chatbot_003,1784813435.5998695,1.0413870770134963,0.0,1.6
chatbot_003,1784813435.6098785,1.0513961529941298,199.8,3.1
chatbot_003,1784813435.6198597,1.0613774200319313,0.0,0.0
chatbot_003,1784813435.629858,1.0713757970370352,0.0,1.6
chatbot_003,1784813435.6398916,1.0814093830413185,0.0,1.6
chatbot_003,1784813435.6499128,1.0914303089957684,99.8,1.5
chatbot_003,1784813435.6599119,1.101429686008487,100.0,1.6
chatbot_003,1784813435.669887,1.1114047130104154,0.0,1.6
chatbot_003,1784813435.6799078,1.1214254189981148,99.8,1.5
chatbot_003,1784813435.6898806,1.1313982360297814,0.0,0.0
chatbot_003,1784813435.6998885,1.1414061019895598,99.9,3.1
chatbot_003,1784813435.709856,1.151373639004305,100.3,1.6
chatbot_003,1784813435.7198756,1.1613932159962133,0.0,1.6
chatbot_003,1784813435.729884,1.1714014520402998,0.0,0.0
chatbot_003,1784813435.7398946,1.181412158999592,99.9,3.1
chatbot_003,1784813435.7498791,1.1913967150030658,100.2,0.0
chatbot_003,1784813435.7599022,1.2014199719997123,0.0,1.5
chatbot_003,1784813435.7698834,1.2114011180237867,0.0,3.1
chatbot_003,1784813435.7798991,1.2214167750207707,99.9,1.5
chatbot_003,1784813435.7898986,1.2314164109993726,100.0,0.0
chatbot_003,1784813435.7998824,1.2414002179866657,0.0,1.6
chatbot_003,1784813435.8098946,1.2514123850269243,99.9,3.1
chatbot_003,1784813435.8198962,1.2614139910438098,0.0,1.5
chatbot_003,1784813435.8298972,1.2714148280210793,100.0,0.0
chatbot_003,1784813435.8398845,1.281402294000145,100.1,1.6
chatbot_003,1784813435.849866,1.2913835610379465,0.0,1.6
chatbot_003,1784813435.8599226,1.3014402470435016,99.4,1.5
chatbot_003,1784813435.8698823,1.3114001040230505,0.0,1.6
chatbot_003,1784813435.8798788,1.3213963510352187,100.0,1.6
chatbot_003,1784813435.889903,1.3314207370276563,0.0,1.5
chatbot_003,1784813435.8998797,1.3413974739960395,0.0,1.6
chatbot_003,1784813435.9098883,1.3514059800072573,199.8,1.6
chatbot_003,1784813435.9198906,1.3614084669970907,0.0,1.6
chatbot_003,1784813435.9298873,1.3714048030087724,0.0,0.0
chatbot_003,1784813435.9398956,1.381413170020096,0.0,3.1
chatbot_003,1784813435.9498937,1.3914114159997553,200.0,1.6
chatbot_003,1784813435.9599025,1.4014201830141246,0.0,1.6
chatbot_003,1784813435.969905,1.4114226099918596,0.0,1.6
chatbot_003,1784813435.9799294,1.4214470260194503,99.8,1.5
chatbot_003,1784813435.9898934,1.4314110630075447,0.0,0.0
chatbot_003,1784813435.999889,1.441406450001523,100.0,3.1
chatbot_003,1784813436.009865,1.451382666011341,100.2,1.6
chatbot_003,1784813436.0199082,1.4614256820059381,0.0,0.0
chatbot_003,1784813436.0298767,1.4713943990063854,100.3,1.6
chatbot_003,1784813436.0398908,1.481408285035286,0.0,3.1
chatbot_003,1784813436.0499108,1.4914284220431,99.8,1.6
chatbot_003,1784813436.0598907,1.501408429001458,0.0,0.0
chatbot_003,1784813436.0699124,1.511430084996391,99.8,1.6
chatbot_003,1784813436.0798862,1.5214037719997577,0.0,1.6
chatbot_003,1784813436.0898726,1.5313903280184604,200.3,3.1
chatbot_003,1784813436.099922,1.541439614025876,0.0,1.6
chatbot_003,1784813436.1098988,1.5514164910418913,0.0,0.0
chatbot_003,1784813436.1199257,1.5614433370064944,99.7,3.1
chatbot_003,1784813436.1298857,1.5714033539989032,0.0,0.0
chatbot_003,1784813436.1398823,1.5814000210375525,100.0,1.6
chatbot_003,1784813436.149907,1.5914248370099813,99.8,1.5
chatbot_003,1784813436.1598961,1.6014137440361083,0.0,1.6
chatbot_003,1784813436.1698716,1.6113893309957348,0.0,1.6
chatbot_003,1784813436.1798785,1.6213961970061064,99.9,1.5
chatbot_003,1784813436.1898947,1.631412454007659,0.0,1.6
chatbot_003,1784813436.1998987,1.6414163199951872,100.0,1.6
chatbot_003,1784813436.209878,1.6513956570415758,100.2,1.6
chatbot_003,1784813436.2199323,1.661450183019042,0.0,1.5
chatbot_003,1784813436.229874,1.6713915200089104,0.0,3.1
chatbot_003,1784813436.2398567,1.6813744470127858,100.2,0.0
chatbot_003,1784813436.2498498,1.69136748398887,100.1,1.6
chatbot_003,1784813436.2598715,1.701389130030293,0.0,1.6
chatbot_003,1784813436.2698812,1.7113990160287358,99.9,1.6
chatbot_003,1784813436.2798464,1.7213641630369239,100.4,1.6
chatbot_003,1784813436.2899075,1.7314251289935783,0.0,1.6
chatbot_003,1784813436.299875,1.741392796044238,0.0,1.6
chatbot_003,1784813436.309866,1.7513837729929946,100.1,1.6
chatbot_003,1784813436.3198452,1.7613628400140442,100.2,1.6
chatbot_003,1784813436.3298886,1.771406184998341,0.0,1.6
chatbot_003,1784813436.3398864,1.7814039420336485,0.0,0.0
chatbot_003,1784813436.349897,1.7914145879913121,99.9,3.1
chatbot_003,1784813436.3598726,1.8013901350204833,100.2,1.6
chatbot_003,1784813436.3698933,1.8114110309979878,0.0,1.6
chatbot_003,1784813436.379881,1.8213985580368899,0.0,0.0
chatbot_003,1784813436.3899167,1.8314343339879997,199.3,3.1
chatbot_003,1784813436.3998628,1.8413805410382338,0.0,0.0
chatbot_003,1784813436.4098563,1.851373968005646,0.0,1.6
chatbot_003,1784813436.419868,1.8613857050077058,99.9,1.6
chatbot_003,1784813436.4298766,1.8713941909954883,99.9,3.1
chatbot_003,1784813436.439898,1.8814158469904214,0.0,0.0
chatbot_003,1784813436.449895,1.8914126440067776,0.0,1.6
chatbot_003,1784813436.4599345,1.901452150021214,99.6,4.6
chatbot_003,1784813436.4699445,1.9114622860215604,0.0,0.0
chatbot_003,1784813436.479941,1.9214584130095318,100.0,3.1
chatbot_003,1784813436.4899924,1.9315100490348414,99.5,3.1
chatbot_003,1784813436.4999065,1.9414242660277523,0.0,1.6
chatbot_003,1784813436.5099428,1.9514602730050683,99.6,3.1
chatbot_003,1784813436.519936,1.9614535690052435,0.0,3.1
chatbot_003,1784813436.5299118,1.9714295160374604,0.0,1.6
chatbot_003,1784813436.5399454,1.9814631720073521,199.3,3.1
chatbot_003,1784813436.5499344,1.9914520989987068,0.0,1.6
chatbot_003,1784813436.55989,2.001407686038874,0.0,3.1
chatbot_003,1784813436.5699282,2.0114458920434117,99.6,3.1
chatbot_003,1784813436.579914,2.021431508997921,100.2,4.7
chatbot_003,1784813436.5898898,2.031407406029757,0.0,1.6
chatbot_003,1784813436.5999258,2.0414434220292605,0.0,3.1
chatbot_003,1784813436.6098611,2.051378828997258,100.7,3.2
chatbot_003,1784813436.6199105,2.061428045039065,0.0,3.1
chatbot_003,1784813436.6298966,2.071414301986806,200.3,4.6
chatbot_003,1784813436.6398642,2.081382069038227,0.0,4.7
chatbot_003,1784813436.649908,2.091425744991284,0.0,3.2
chatbot_003,1784813436.6598768,2.101394622004591,100.3,3.1
chatbot_003,1784813436.6698787,2.1113964880350977,0.0,3.2
chatbot_003,1784813436.6798868,2.12140443501994,0.0,4.6
chatbot_003,1784813436.6898663,2.131383921019733,200.4,1.6
chatbot_003,1784813436.6998804,2.14139804802835,0.0,4.6
chatbot_003,1784813436.709857,2.151374634995591,0.0,3.1
chatbot_003,1784813436.7198884,2.161405951017514,99.7,3.1
chatbot_003,1784813436.729854,2.171371798031032,100.3,3.1
chatbot_003,1784813436.7398822,2.181399864028208,0.0,3.1
chatbot_003,1784813436.7498877,2.1914055600063875,99.9,1.6
chatbot_003,1784813436.7598655,2.2013831569929607,0.0,3.2
chatbot_003,1784813436.7698603,2.211378064006567,100.0,3.1
chatbot_003,1784813436.7798588,2.2213767500361428,0.0,4.6
chatbot_003,1784813436.7898874,2.231405097001698,99.7,4.7
chatbot_003,1784813436.7999408,2.2414584630168974,0.0,3.1
chatbot_003,1784813436.809877,2.251394569990225,100.6,3.1
chatbot_003,1784813436.8198535,2.2613712570164353,0.0,0.0
chatbot_003,1784813436.8298595,2.271377252996899,0.0,1.6
chatbot_003,1784813436.8398585,2.2813761600409634,200.0,3.1
chatbot_003,1784813436.8498394,2.291356967005413,0.0,0.0
chatbot_003,1784813436.8598375,2.301355093019083,0.0,1.6
chatbot_003,1784813436.8698416,2.3113593390444294,100.0,1.6
chatbot_003,1784813436.879895,2.3214127449900843,99.5,1.5
chatbot_003,1784813436.8898578,2.3313755220151506,0.0,1.6
chatbot_003,1784813436.8998675,2.341385359002743,0.0,1.6
chatbot_003,1784813436.9098372,2.35135509603424,200.6,0.0
chatbot_003,1784813436.9203284,2.3618461859878153,0.0,4.3
chatbot_003,1784813436.93132,2.3728377610095777,0.0,2.9
chatbot_003,1784813436.939981,2.3814987340010703,115.5,3.6
chatbot_003,1784813436.9499197,2.3914375610183924,100.6,0.0
chatbot_003,1784813436.9599135,2.401431287988089,0.0,1.6
chatbot_003,1784813436.9699097,2.4114273040322587,0.0,1.6
chatbot_003,1784813436.9798968,2.42141463101143,200.3,1.6
chatbot_003,1784813436.9898982,2.4314158170018345,0.0,1.6
chatbot_003,1784813436.9998817,2.4413995040231384,0.0,1.6
chatbot_003,1784813437.0098891,2.451406740990933,99.9,0.0
chatbot_003,1784813437.0198905,2.461408127041068,0.0,3.1
chatbot_003,1784813437.029862,2.471379694005009,100.3,1.6
chatbot_003,1784813437.039861,2.4813786600134335,0.0,0.0
chatbot_003,1784813437.0498686,2.491386327019427,99.9,1.6
chatbot_003,1784813437.059902,2.5014195330441,0.0,3.1
chatbot_003,1784813437.0698698,2.5113875800161622,100.3,1.6
chatbot_003,1784813437.0798974,2.521415146009531,99.7,1.6
chatbot_003,1784813437.0898814,2.531398902996443,0.0,0.0
chatbot_003,1784813437.0999143,2.541431879042648,99.7,3.1
chatbot_003,1784813437.109905,2.5514226860250346,0.0,1.6
chatbot_003,1784813437.1199968,2.561514431028627,99.1,3.1
chatbot_003,1784813437.1304085,2.5719262229977176,0.0,1.5
chatbot_003,1784813437.1403406,2.5818581900093704,100.7,3.1
chatbot_003,1784813437.1503882,2.5919059659936465,99.5,4.6
chatbot_003,1784813437.160335,2.6018527330015786,0.0,1.6
chatbot_003,1784813437.169922,2.611439615022391,0.0,1.6
chatbot_003,1784813437.17994,2.6214576910133474,99.8,3.1
chatbot_003,1784813437.1899161,2.631433787988499,100.2,1.6
chatbot_003,1784813437.1999352,2.641452804033179,99.8,1.6
chatbot_003,1784813437.2099328,2.651450400997419,0.0,1.6
chatbot_003,1784813437.2199059,2.6614234180306084,0.0,1.6
chatbot_003,1784813437.2299376,2.671455383999273,99.7,3.1
chatbot_003,1784813437.239932,2.6814497800078243,0.0,3.1
chatbot_003,1784813437.2499435,2.691461167007219,99.9,1.6
chatbot_003,1784813437.259961,2.701478503004182,99.8,3.1
chatbot_003,1784813437.2699375,2.7114550500409678,0.0,1.6
chatbot_003,1784813437.2799516,2.7214692960260436,0.0,1.6
chatbot_003,1784813437.2899117,2.731429633044172,200.8,1.6
chatbot_003,1784813437.299948,2.7414658089983277,0.0,3.1
chatbot_003,1784813437.3099568,2.7514745860244147,99.9,1.6
chatbot_003,1784813437.3199587,2.761476451996714,0.0,1.6
chatbot_003,1784813437.3299546,2.771472229040228,0.0,3.2
chatbot_003,1784813437.3399456,2.78146306501003,100.1,3.1
chatbot_003,1784813437.34998,2.791497881989926,99.7,3.1
chatbot_003,1784813437.3599892,2.8015069279936142,99.9,3.1
chatbot_003,1784813437.3699355,2.8114532949985005,0.0,1.6
chatbot_003,1784813437.379952,2.8214696010109037,99.8,1.6
chatbot_003,1784813437.3899465,2.8314640180324204,0.0,1.6
chatbot_003,1784813437.4000041,2.841521753987763,0.0,1.6
chatbot_003,1784813437.409952,2.851469701039605,100.5,3.1
chatbot_003,1784813437.419925,2.861442558001727,100.3,1.6
chatbot_003,1784813437.429972,2.8714897640165873,0.0,1.6
chatbot_004,1784813437.4469612,0.011401148978620768,0.0,2.8
chatbot_004,1784813437.4532142,0.017654201947152615,0.0,2.6
chatbot_004,1784813437.4623911,0.026830908958800137,109.0,1.7
chatbot_004,1784813437.4723816,0.03682161495089531,0.0,3.1
chatbot_004,1784813437.482402,0.04684190097032115,99.8,1.6
chatbot_004,1784813437.4923804,0.05682034796336666,0.0,1.6
chatbot_004,1784813437.502372,0.06681204499909654,0.0,1.6
chatbot_004,1784813437.5124073,0.07684715098002926,199.3,1.6
chatbot_004,1784813437.5223942,0.08683387795463204,0.0,1.6
chatbot_004,1784813437.5324218,0.0968617539620027,99.7,1.5
chatbot_004,1784813437.5423872,0.10682697099400684,0.0,3.1
chatbot_004,1784813437.552395,0.11683487700065598,0.0,1.6
chatbot_004,1784813437.5623798,0.12681952398270369,100.2,1.6
chatbot_004,1784813437.5724406,0.13688051997451112,99.4,1.6
chatbot_004,1784813437.5825346,0.14697450498351827,0.0,1.5
chatbot_004,1784813437.5925753,0.1570150609477423,99.6,1.6
chatbot_004,1784813437.6025681,0.16700805799337104,0.0,1.6
chatbot_004,1784813437.6125815,0.17702119395835325,99.9,3.1
chatbot_004,1784813437.6225924,0.18703243997879326,99.9,0.0
chatbot_004,1784813437.6325645,0.19700460694730282,0.0,1.6
chatbot_004,1784813437.6425924,0.2070325439563021,99.7,3.0
chatbot_004,1784813437.6525848,0.21702448994619772,0.0,1.6
chatbot_004,1784813437.6625817,0.22702160698827356,100.0,1.6
chatbot_004,1784813437.6726046,0.23704468295909464,0.0,0.0
chatbot_004,1784813437.6826057,0.24704566999571398,100.0,3.1
chatbot_004,1784813437.6926064,0.2570462759467773,0.0,1.6
chatbot_004,1784813437.7025907,0.26703068299684674,100.2,3.1
chatbot_004,1784813437.712611,0.27705086895730346,0.0,0.0
chatbot_004,1784813437.7226214,0.28706121596042067,99.9,1.6
chatbot_004,1784813437.7325962,0.2970362119958736,100.2,1.6
chatbot_004,1784813437.7426062,0.3070460489834659,0.0,1.6
chatbot_004,1784813437.752589,0.31702887499704957,0.0,3.1
chatbot_004,1784813437.7625759,0.32701581198489293,200.3,1.6
chatbot_004,1784813437.7726135,0.3370535579742864,0.0,1.6
chatbot_004,1784813437.7825644,0.3470042249537073,0.0,1.6
chatbot_004,1784813437.7925634,0.3570033819996752,100.0,1.6
chatbot_004,1784813437.802591,0.3670309579465538,99.7,1.6
chatbot_004,1784813437.8126051,0.37704511400079355,0.0,1.6
chatbot_004,1784813437.822606,0.3870459909667261,100.0,0.0
chatbot_004,1784813437.8325977,0.39703763800207525,0.0,3.1
chatbot_004,1784813437.84259,0.40702998399501666,100.1,1.6
chatbot_004,1784813437.8525836,0.41702370095299557,100.1,1.6
chatbot_004,1784813437.8625968,0.4270368469879031,0.0,1.6
chatbot_004,1784813437.872574,0.43701417394913733,0.0,1.6
chatbot_004,1784813437.882592,0.44703178998315707,99.8,3.1
chatbot_004,1784813437.8925993,0.4570392569876276,99.9,1.6
chatbot_004,1784813437.9025874,0.4670272129587829,0.0,1.6
chatbot_004,1784813437.9125974,0.47703751997323707,99.9,1.6
chatbot_004,1784813437.9226055,0.4870454259798862,99.9,3.1
chatbot_004,1784813437.9326155,0.49705527297919616,0.0,0.0
chatbot_004,1784813437.9425929,0.5070327489520423,0.0,3.1
chatbot_004,1784813437.9525933,0.5170331959961914,100.0,1.6
chatbot_004,1784813437.9625866,0.5270263829734176,100.1,0.0
chatbot_004,1784813437.9725654,0.5370054089580663,0.0,1.6
chatbot_004,1784813437.9825828,0.5470226949546486,99.8,3.1
chatbot_004,1784813437.9925632,0.557003021996934,100.2,1.6
chatbot_004,1784813438.002603,0.567042747978121,0.0,3.1
chatbot_004,1784813438.0125875,0.5770272949594073,0.0,0.0
chatbot_004,1784813438.0225708,0.587010761955753,100.2,1.6
chatbot_004,1784813438.0325534,0.5969934689928778,100.2,3.1
chatbot_004,1784813438.0425942,0.6070342649472877,0.0,1.6
chatbot_004,1784813438.0525851,0.6170250109862536,100.1,1.6
chatbot_004,1784813438.0625882,0.6270280579919927,0.0,3.1
chatbot_004,1784813438.0725868,0.6370265439618379,100.0,1.6
chatbot_004,1784813438.0825818,0.6470217210007831,100.0,1.6
chatbot_004,1784813438.0926,0.6570398669573478,0.0,1.6
chatbot_004,1784813438.102599,0.6670387539779767,0.0,1.6
chatbot_004,1784813438.1126025,0.6770422499976121,199.9,3.1
chatbot_004,1784813438.1225605,0.6870004169759341,0.0,0.0
chatbot_004,1784813438.1325667,0.6970065539935604,0.0,1.6
chatbot_004,1784813438.1425812,0.7070212599937804,99.9,3.1
chatbot_004,1784813438.1525803,0.7170202859560959,0.0,1.6
chatbot_004,1784813438.1625776,0.727017592987977,100.0,3.1
chatbot_004,1784813438.1725762,0.7370162589941174,100.0,0.0
chatbot_004,1784813438.182575,0.7470150559674948,0.0,1.6
chatbot_004,1784813438.1925724,0.7570122729521245,100.0,3.1
chatbot_004,1784813438.2025964,0.7670363189536147,0.0,1.6
chatbot_004,1784813438.2125747,0.7770146149559878,100.2,1.6
chatbot_004,1784813438.2225819,0.7870217419695109,0.0,3.1
chatbot_004,1784813438.2325852,0.7970251779770479,100.0,1.6
chatbot_004,1784813438.2425764,0.8070161949726753,100.1,1.6
chatbot_004,1784813438.2525687,0.8170086809550412,0.0,0.0
chatbot_004,1784813438.2626126,0.8270524679683149,99.6,3.1
chatbot_004,1784813438.2726495,0.8370893739629537,99.7,1.6
chatbot_004,1784813438.2826548,0.8470945099834353,0.0,1.6
chatbot_004,1784813438.29262,0.8570599769591354,0.0,1.6
chatbot_004,1784813438.3026366,0.8670764029957354,0.0,1.6
chatbot_004,1784813438.3126588,0.8770987189491279,199.6,3.1
chatbot_004,1784813438.3226378,0.8870778059936129,0.0,0.0
chatbot_004,1784813438.3326583,0.8970979629666544,99.8,3.1
chatbot_004,1784813438.3426552,0.9070951889734715,0.0,1.6
chatbot_004,1784813438.3526304,0.9170700259855948,100.3,1.6
chatbot_004,1784813438.3626528,0.9270926119643264,99.8,1.6
chatbot_004,1784813438.3726501,0.9370901779620908,0.0,1.6
chatbot_004,1784813438.3826842,0.9471240949933417,0.0,3.1
chatbot_004,1784813438.3926516,0.9570913119823672,100.3,1.6
chatbot_004,1784813438.402694,0.9671338269836269,99.6,1.6
chatbot_004,1784813438.412656,0.9770959349698387,0.0,1.6
chatbot_004,1784813438.4226632,0.9871029909700155,0.0,1.6
chatbot_004,1784813438.4326375,0.9970773079548962,200.5,1.6
chatbot_004,1784813438.4426599,1.0070998239680193,0.0,3.1
chatbot_004,1784813438.4526374,1.017077480966691,0.0,1.6
chatbot_004,1784813438.4626424,1.0270823869504966,199.9,1.6
chatbot_004,1784813438.4726815,1.0371213329490274,0.0,1.6
chatbot_004,1784813438.482644,1.0470838799956255,0.0,1.6
chatbot_004,1784813438.4926527,1.0570924369967543,99.9,1.6
chatbot_004,1784813438.502658,1.0670976329711266,100.0,3.1
chatbot_004,1784813438.5126612,1.0771011899923906,0.0,1.6
chatbot_004,1784813438.522667,1.0871070359717123,0.0,0.0
chatbot_004,1784813438.5326595,1.0970992419752292,100.1,3.1
chatbot_004,1784813438.5426679,1.1071076789521612,99.9,1.6
chatbot_004,1784813438.552646,1.11708582600113,0.0,1.6
chatbot_004,1784813438.5626419,1.1270818519988097,0.0,3.1
chatbot_004,1784813438.5726728,1.1371126879821531,199.4,3.1
chatbot_004,1784813438.5826569,1.1470965749467723,0.0,0.0
chatbot_004,1784813438.5926473,1.157087461964693,0.0,3.1
chatbot_004,1784813438.6026285,1.1670681689865887,100.2,1.6
chatbot_004,1784813438.6126616,1.1771014939877205,99.7,1.6
chatbot_004,1784813438.622651,1.1870908809942193,0.0,3.1
chatbot_004,1784813438.6326463,1.1970864179893397,100.0,1.6
chatbot_004,1784813438.6427057,1.2071455839904957,99.4,0.0
chatbot_004,1784813438.6527007,1.2171405599801801,0.0,1.6
chatbot_004,1784813438.6626782,1.227118237002287,100.2,3.1
chatbot_004,1784813438.6726835,1.2371234829770401,0.0,1.6
chatbot_004,1784813438.6826751,1.2471151700010523,100.1,1.6
chatbot_004,1784813438.692678,1.2571177859790623,100.0,1.6
chatbot_004,1784813438.7026958,1.2671357529470697,0.0,1.6
chatbot_004,1784813438.7126775,1.2771172499633394,0.0,1.6
chatbot_004,1784813438.7226484,1.2870882759452797,100.3,3.1
chatbot_004,1784813438.732654,1.2970940329832956,99.9,0.0
chatbot_004,1784813438.7426744,1.3071144089917652,0.0,1.6
chatbot_004,1784813438.752649,1.317088796000462,0.0,3.1
chatbot_004,1784813438.7626426,1.3270824819919653,200.1,1.6
chatbot_004,1784813438.7726452,1.3370851289946586,0.0,1.6
chatbot_004,1784813438.7826717,1.3471116349683143,0.0,3.1
chatbot_004,1784813438.7926633,1.3571032019681297,100.1,1.6
chatbot_004,1784813438.8026998,1.3671395379933529,99.6,3.1
chatbot_004,1784813438.8127375,1.3771775639615953,0.0,1.6
chatbot_004,1784813438.8227253,1.387165189953521,100.1,1.6
chatbot_004,1784813438.8327367,1.3971767369657755,0.0,3.1
chatbot_004,1784813438.8427246,1.4071644129580818,0.0,0.0
chatbot_004,1784813438.8527164,1.4171563499839976,200.2,3.1
chatbot_004,1784813438.8626933,1.427133266988676,0.0,1.6
chatbot_004,1784813438.8727462,1.4371860829996876,99.5,0.0
chatbot_004,1784813438.8827085,1.447148389997892,100.4,3.1
chatbot_004,1784813438.892697,1.4571369759505615,0.0,3.1
chatbot_004,1784813438.9027078,1.467147542978637,0.0,3.1
chatbot_004,1784813438.912704,1.4771438789903186,100.0,1.6
chatbot_004,1784813438.922701,1.4871407459722832,100.0,4.6
chatbot_004,1784813438.932706,1.4971458919462748,0.0,3.1
chatbot_004,1784813438.943102,1.507541743980255,96.2,3.0
chatbot_004,1784813438.9535933,1.518033263972029,0.0,3.0
chatbot_004,1784813438.963775,1.5282147689722478,196.4,3.1
chatbot_004,1784813438.9727786,1.5372183669824153,0.0,3.5
chatbot_004,1784813438.983165,1.5476047389674932,0.0,4.5
chatbot_004,1784813438.9927015,1.5571413209545426,104.9,0.0
chatbot_004,1784813439.0027068,1.5671466479543597,0.0,3.1
chatbot_004,1784813439.0126753,1.5771153050009161,100.3,1.6
chatbot_004,1784813439.0226877,1.5871276909601875,99.9,1.6
chatbot_004,1784813439.0326688,1.5971087779616937,0.0,3.1
chatbot_004,1784813439.0427015,1.6071415439946577,99.7,0.0
chatbot_004,1784813439.052684,1.617123850970529,0.0,1.6
chatbot_004,1784813439.0626795,1.6271195369772613,100.0,1.6
chatbot_004,1784813439.0726666,1.6371065040002577,100.1,1.6
chatbot_004,1784813439.082713,1.6471527089597657,0.0,3.1
chatbot_004,1784813439.0926871,1.6571270959684625,0.0,1.6
chatbot_004,1784813439.102661,1.66710067295935,100.3,1.6
chatbot_004,1784813439.112643,1.6770830499590375,100.2,1.6
chatbot_004,1784813439.122675,1.6871147659840062,0.0,1.6
chatbot_004,1784813439.1326478,1.6970875929691829,100.3,3.1
chatbot_004,1784813439.1426587,1.7070988189661875,99.9,1.6
chatbot_004,1784813439.1526766,1.717116535990499,0.0,0.0
chatbot_004,1784813439.162695,1.7271348419599235,0.0,1.6
chatbot_004,1784813439.1726553,1.7370953789795749,200.8,3.1
chatbot_004,1784813439.182656,1.7470959749771282,0.0,1.6
chatbot_004,1784813439.192659,1.757098841946572,0.0,1.6
chatbot_004,1784813439.2026083,1.7670481989625841,100.5,1.6
chatbot_004,1784813439.212676,1.7771159739932045,99.3,1.6
chatbot_004,1784813439.2226555,1.7870953509700485,0.0,1.6
chatbot_004,1784813439.2325566,1.7969963689683937,0.0,3.1
chatbot_004,1784813439.2424822,1.8069219259778038,100.8,1.6
chatbot_004,1784813439.2524898,1.8169295829720795,99.9,1.6
chatbot_004,1784813439.2624588,1.8268987199990079,0.0,0.0
chatbot_004,1784813439.2724898,1.8369294559815899,99.7,3.0
chatbot_004,1784813439.2824407,1.8468805329757743,100.5,0.0
chatbot_004,1784813439.292464,1.856903888983652,0.0,3.1
chatbot_004,1784813439.3024793,1.8669192550005391,0.0,1.6
chatbot_004,1784813439.3124702,1.8769100019708276,200.2,1.6
chatbot_004,1784813439.3224814,1.8869211979908869,0.0,1.6
chatbot_004,1784813439.3324609,1.8969006149563938,0.0,3.1
chatbot_004,1784813439.3424506,1.9068904209998436,0.0,0.0
chatbot_004,1784813439.3525426,1.9169824969721958,99.1,1.5
chatbot_004,1784813439.362467,1.9269068639841862,0.0,1.6
chatbot_004,1784813439.3725033,1.936943149950821,199.3,1.6
chatbot_004,1784813439.3824499,1.9468896969920024,0.0,3.1
chatbot_004,1784813439.3924417,1.956881733960472,0.0,0.0
chatbot_004,1784813439.402449,1.9668888399610296,99.9,3.1
chatbot_004,1784813439.4124572,1.9768970269942656,99.9,1.6
chatbot_004,1784813439.4224494,1.9868892929516733,0.0,0.0
chatbot_004,1784813439.4324448,1.996884959982708,100.1,3.1
chatbot_004,1784813439.4424732,2.0069130959454924,0.0,1.6
chatbot_004,1784813439.452433,2.0168731329613365,100.4,1.6
chatbot_004,1784813439.4624596,2.0268995089572854,0.0,1.6
chatbot_004,1784813439.4724703,2.0369100749958307,99.9,3.1
chatbot_004,1784813439.4825144,2.0469542020000517,0.0,0.0
chatbot_004,1784813439.4926357,2.057075625983998,0.0,1.5
chatbot_004,1784813439.5026474,2.067087332950905,199.8,3.1
chatbot_004,1784813439.5126407,2.077080629998818,0.0,1.6
chatbot_004,1784813439.522642,2.08708183595445,100.0,1.6
chatbot_004,1784813439.5326416,2.0970814919564873,0.0,1.6
chatbot_004,1784813439.5426772,2.1071171590010636,0.0,1.6
chatbot_004,1784813439.55266,2.1170998250017874,100.2,1.6
chatbot_004,1784813439.5626628,2.127102851984091,100.0,1.6
chatbot_004,1784813439.5726738,2.137113787990529,0.0,3.1
chatbot_004,1784813439.582662,2.147101993963588,100.1,1.6
chatbot_004,1784813439.5926664,2.1571063709561713,100.0,1.6
chatbot_004,1784813439.602664,2.167103846964892,0.0,1.6
chatbot_004,1784813439.612679,2.177118843945209,99.9,1.6
chatbot_004,1784813439.6226647,2.1871046199812554,0.0,1.6
chatbot_004,1784813439.6326199,2.1970596079481766,100.4,3.1
chatbot_004,1784813439.6426818,2.2071217929478735,99.4,0.0
chatbot_004,1784813439.6526635,2.217103369999677,0.0,1.6
chatbot_004,1784813439.6626601,2.2271000359905884,0.0,3.1
chatbot_004,1784813439.6726527,2.2370926429866813,100.1,1.6
chatbot_004,1784813439.6826613,2.247101358952932,99.9,1.6
chatbot_004,1784813439.6926582,2.257098205969669,0.0,3.1
chatbot_004,1784813439.7026482,2.267088062944822,100.1,0.0
chatbot_004,1784813439.7126887,2.277128478977829,99.6,1.5
chatbot_004,1784813439.7226534,2.2870934149832465,0.0,1.6
chatbot_004,1784813439.7326462,2.2970859819906764,0.0,3.1
chatbot_004,1784813439.742648,2.3070877179852687,200.0,1.6
chatbot_004,1784813439.7526777,2.317117624974344,0.0,0.0
chatbot_004,1784813439.7626328,2.3270728109637275,0.0,3.1
chatbot_004,1784813439.7726696,2.337109467945993,99.6,1.6
chatbot_004,1784813439.7826724,2.347112313960679,0.0,1.6
chatbot_004,1784813439.792661,2.3571007409482263,100.1,1.6
chatbot_004,1784813439.8026392,2.36707924795337,100.2,3.1
chatbot_004,1784813439.8126729,2.3771126929786988,0.0,1.6
chatbot_004,1784813439.8226752,2.3871150199556723,100.0,0.0
chatbot_004,1784813439.8326488,2.397088576981332,100.3,3.1
chatbot_004,1784813439.8426495,2.4070892629679292,0.0,1.6
chatbot_004,1784813439.8526282,2.417068129987456,100.2,0.0
chatbot_004,1784813439.862664,2.4271037659491412,0.0,3.1
chatbot_004,1784813439.8726687,2.437108501966577,100.0,1.6
chatbot_004,1784813439.8826554,2.4470954189891927,0.0,1.6
chatbot_004,1784813439.8926783,2.4571179149788804,99.8,1.6
chatbot_004,1784813439.9026499,2.467089682002552,0.0,1.6
chatbot_004,1784813439.9126801,2.4771199979586527,99.7,3.1
chatbot_004,1784813439.9226763,2.4871162149938755,100.0,0.0
chatbot_004,1784813439.9326768,2.497116690967232,0.0,1.6
chatbot_004,1784813439.9426453,2.507085097953677,0.0,3.1
chatbot_004,1784813439.9526556,2.5170954349450767,99.9,1.6
chatbot_004,1784813439.9626424,2.5270822109887376,100.1,1.6
chatbot_004,1784813439.972669,2.537108926975634,0.0,0.0
chatbot_004,1784813439.9826653,2.547104973986279,100.0,3.1
chatbot_004,1784813439.9926639,2.5571036799810827,0.0,1.6
chatbot_004,1784813440.0026839,2.567123736953363,99.8,1.6
chatbot_004,1784813440.0126832,2.577123183000367,100.0,1.6
chatbot_004,1784813440.0226731,2.5871130699524656,0.0,1.6
chatbot_004,1784813440.0326931,2.5971332859480754,99.8,1.6
chatbot_004,1784813440.0426738,2.6071137719554827,0.0,3.1
chatbot_004,1784813440.052673,2.6171128589776345,100.0,1.6
chatbot_004,1784813440.0626822,2.6271219549817033,99.9,1.6
chatbot_004,1784813440.0726476,2.6370877219596878,0.0,3.1
chatbot_004,1784813440.0826955,2.647135257953778,0.0,1.6
chatbot_004,1784813440.0926867,2.657126444973983,100.1,1.6
chatbot_004,1784813440.1026664,2.667106300999876,100.2,1.6
chatbot_004,1784813440.1126719,2.677111627999693,0.0,1.6
chatbot_004,1784813440.1226764,2.6871164239710197,100.0,1.6
chatbot_004,1784813440.1326654,2.697105170984287,100.1,1.6
chatbot_004,1784813440.1426735,2.7071132169803604,0.0,3.1
chatbot_004,1784813440.152649,2.7170887839747593,0.0,1.6
chatbot_004,1784813440.1626606,2.727100479998626,99.9,1.6
chatbot_004,1784813440.1726732,2.7371132169500925,99.9,1.6
chatbot_004,1784813440.1826234,2.7470634739729576,100.5,3.1
chatbot_004,1784813440.1926324,2.7570722999516875,0.0,1.6
chatbot_004,1784813440.2026398,2.767079796001781,0.0,0.0
chatbot_004,1784813440.2126687,2.7771086729480885,99.7,3.0
chatbot_004,1784813440.22272,2.7871599379577674,99.5,1.6
chatbot_004,1784813440.2325501,2.7969901069882326,0.0,3.1
chatbot_004,1784813440.2424958,2.8069355939514935,100.5,0.0
chatbot_004,1784813440.252446,2.8168858909630217,0.0,1.6
chatbot_004,1784813440.262492,2.826931846968364,99.5,1.5
chatbot_004,1784813440.2724447,2.836884553951677,0.0,3.1
chatbot_004,1784813440.2824352,2.8468749299645424,100.1,0.0
chatbot_004,1784813440.2924848,2.856924616964534,0.0,3.0
chatbot_004,1784813440.302493,2.8669330929988064,99.9,1.6
chatbot_004,1784813440.3125794,2.8770191579824314,99.2,0.0
chatbot_004,1784813440.3226354,2.887075513950549,0.0,3.1
chatbot_004,1784813440.3327115,2.8971512999851257,99.2,0.0
chatbot_004,1784813440.3427064,2.90714643598767,0.0,3.1
chatbot_004,1784813440.3526704,2.9171102329855785,100.4,1.6
chatbot_004,1784813440.3626885,2.927128529001493,0.0,1.6
chatbot_004,1784813440.3727133,2.937153094972018,99.8,1.6
chatbot_004,1784813440.3826706,2.947110351989977,100.4,1.6
chatbot_004,1784813440.3926942,2.95713405899005,0.0,1.6
chatbot_004,1784813440.402675,2.9671147349872626,100.2,1.6
chatbot_004,1784813440.4127233,2.9771632209885865,0.0,1.6
chatbot_004,1784813440.4226701,2.9871099679730833,100.5,1.6
chatbot_004,1784813440.4326382,2.997078074957244,100.3,3.1
chatbot_004,1784813440.4426649,3.007104910968337,0.0,1.6
chatbot_004,1784813440.4526746,3.0171143579646014,99.9,1.6
chatbot_004,1784813440.462654,3.0270941039780155,0.0,1.6
chatbot_004,1784813440.4726393,3.0370791309978813,100.2,1.6
chatbot_004,1784813440.4826777,3.04711776698241,0.0,1.6
chatbot_004,1784813440.4926512,3.0570912739494815,100.3,3.1
chatbot_004,1784813440.5026743,3.067114399978891,0.0,1.6
chatbot_004,1784813440.5126865,3.077126595948357,99.9,1.6
chatbot_004,1784813440.5227003,3.087140201998409,99.9,0.0
chatbot_004,1784813440.5326755,3.097115608979948,0.0,3.1
chatbot_004,1784813440.5426538,3.107093715982046,100.2,1.6
chatbot_004,1784813440.5526223,3.1170621129567735,0.0,1.6
chatbot_004,1784813440.5626767,3.1271166289807297,99.5,3.1
chatbot_004,1784813440.5726857,3.137125784996897,99.9,1.6
chatbot_005,1784813440.5903666,0.014908465964253992,0.0,3.2
chatbot_005,1784813440.597594,0.022135655977763236,138.3,4.2
chatbot_005,1784813440.6059494,0.03049087297404185,119.6,0.0
chatbot_005,1784813440.6156056,0.04014705400913954,0.0,3.2
chatbot_005,1784813440.6256297,0.05017122998833656,0.0,0.0
chatbot_005,1784813440.6356063,0.060147846990730613,100.2,1.6
chatbot_005,1784813440.6455665,0.07010813400847837,100.4,1.6
chatbot_005,1784813440.6555722,0.08011375996284187,0.0,1.6
chatbot_005,1784813440.665578,0.09011946700047702,99.9,1.6
chatbot_005,1784813440.6755927,0.10013430297840387,0.0,1.6
chatbot_005,1784813440.685577,0.11011846899054945,100.2,1.6
chatbot_005,1784813440.6956098,0.1201514049898833,99.7,1.6
chatbot_005,1784813440.7055788,0.13012036198051646,0.0,1.6
chatbot_005,1784813440.715578,0.14011970901628956,0.0,1.6
chatbot_005,1784813440.7255883,0.15012971498072147,0.0,1.6
chatbot_005,1784813440.7355802,0.16012160200625658,200.2,1.6
chatbot_005,1784813440.7456079,0.17014951800229028,0.0,0.0
chatbot_005,1784813440.7556086,0.18015008396469057,0.0,3.1
chatbot_005,1784813440.7656114,0.19015318097081035,100.0,1.6
chatbot_005,1784813440.7756052,0.20014672697288916,0.0,1.6
chatbot_005,1784813440.7857049,0.21024659200338647,99.1,1.6
chatbot_005,1784813440.7957108,0.2202521989820525,99.9,3.1
chatbot_005,1784813440.8056946,0.2302360750036314,0.0,1.6
chatbot_005,1784813440.8157148,0.24025628197705373,99.8,1.6
chatbot_005,1784813440.8257053,0.25024666800163686,0.0,0.0
chatbot_005,1784813440.8356977,0.2602393649867736,100.1,1.6
chatbot_005,1784813440.8456912,0.2702327219885774,0.0,3.1
chatbot_005,1784813440.8557253,0.2802667469950393,99.7,0.0
chatbot_005,1784813440.8657107,0.29025248397374526,0.0,1.6
chatbot_005,1784813440.8757367,0.3002785099670291,99.7,1.6
chatbot_005,1784813440.8857224,0.31026390701299533,0.0,3.1
chatbot_005,1784813440.8957129,0.32025439298013225,100.1,0.0
chatbot_005,1784813440.9056928,0.3302344899857417,0.0,1.6
chatbot_005,1784813440.9156983,0.34023962600622326,100.0,1.6
chatbot_005,1784813440.9257047,0.35024619300384074,99.9,1.6
chatbot_005,1784813440.9357176,0.3602591789676808,0.0,1.6
chatbot_005,1784813440.9457157,0.3702573759946972,0.0,1.6
chatbot_005,1784813440.955722,0.3802634719759226,199.9,1.6
chatbot_005,1784813440.9656994,0.39024099899688736,0.0,1.6
chatbot_005,1784813440.9757125,0.4002541750087403,0.0,1.6
chatbot_005,1784813440.9865508,0.41109243099344894,92.3,1.5
chatbot_005,1784813440.9967635,0.42130492499563843,97.9,4.5
chatbot_005,1784813441.0065393,0.4310808439622633,0.0,3.2
chatbot_005,1784813441.0156994,0.44024102098774165,0.0,5.1
chatbot_005,1784813441.025703,0.45024454698432237,199.9,3.2
chatbot_005,1784813441.0356796,0.46022094396175817,0.0,1.6
chatbot_005,1784813441.0456204,0.4701619409606792,0.0,3.1
chatbot_005,1784813441.0556295,0.480171078001149,99.9,3.1
chatbot_005,1784813441.0656314,0.4901729839621112,0.0,3.1
chatbot_005,1784813441.075645,0.5001864699879661,99.9,1.6
chatbot_005,1784813441.0857096,0.5102510959841311,0.0,1.6
chatbot_005,1784813441.095702,0.5202436129911803,100.1,1.6
chatbot_005,1784813441.1056933,0.5302351290010847,100.1,1.6
chatbot_005,1784813441.115741,0.5402825750061311,0.0,1.6
chatbot_005,1784813441.1257126,0.5502542019821703,0.0,1.6
chatbot_005,1784813441.1357222,0.5602637279662304,99.9,1.6
chatbot_005,1784813441.145688,0.5702296950039454,100.3,1.6
chatbot_005,1784813441.1557438,0.5802853910136037,0.0,1.6
chatbot_005,1784813441.1656907,0.5902323079644702,100.5,1.6
chatbot_005,1784813441.1756918,0.6002332639764063,0.0,1.6
chatbot_005,1784813441.1856954,0.6102370009757578,100.0,1.6
chatbot_005,1784813441.1957624,0.6203041260014288,99.3,1.6
chatbot_005,1784813441.2056904,0.6302319139940664,0.0,1.6
chatbot_005,1784813441.2156963,0.6402380900108255,0.0,1.6
chatbot_005,1784813441.225709,0.6502505959942937,199.7,0.0
chatbot_005,1784813441.2356908,0.6602323229890317,0.0,3.1
chatbot_005,1784813441.245681,0.6702228399808519,0.0,1.6
chatbot_005,1784813441.2556818,0.680223316012416,0.0,0.0
chatbot_005,1784813441.2656844,0.6902260819915682,200.0,1.6
chatbot_005,1784813441.2757082,0.7002498579677194,0.0,3.1
chatbot_005,1784813441.2856822,0.7102237049839459,0.0,1.6
chatbot_005,1784813441.2957125,0.7202540109865367,0.0,0.0
chatbot_005,1784813441.305688,0.730229398002848,200.5,3.1
chatbot_005,1784813441.3156915,0.7402331749908626,0.0,1.6
chatbot_005,1784813441.325702,0.7502433009794913,0.0,0.0
chatbot_005,1784813441.3357017,0.7602433869615197,100.0,3.1
chatbot_005,1784813441.345727,0.7702685229596682,99.8,3.1
chatbot_005,1784813441.3557048,0.7802463099942543,0.0,1.6
chatbot_005,1784813441.365854,0.7903955549700186,0.0,1.6
chatbot_005,1784813441.3758926,0.8004342910135165,199.2,3.1
chatbot_005,1784813441.3858209,0.810362477961462,0.0,3.1
chatbot_005,1784813441.395789,0.8203303350019269,0.0,1.6
chatbot_005,1784813441.40575,0.8302914419909939,0.0,3.1
chatbot_005,1784813441.4157658,0.8403074279776774,199.7,3.1
chatbot_005,1784813441.4257734,0.8503147640149109,0.0,3.1
chatbot_005,1784813441.4357624,0.8603041009628214,0.0,1.6
chatbot_005,1784813441.4458394,0.8703809959697537,99.3,1.6
chatbot_005,1784813441.455837,0.8803784630144946,100.0,4.6
chatbot_005,1784813441.4658144,0.8903559200116433,0.0,3.1
chatbot_005,1784813441.4758346,0.9003761659841985,99.8,1.6
chatbot_005,1784813441.4858441,0.9103857320151292,0.0,3.1
chatbot_005,1784813441.4958277,0.9203693990129977,100.2,3.1
chatbot_005,1784813441.5058336,0.9303753749700263,0.0,1.6
chatbot_005,1784813441.5158389,0.9403804920148104,100.0,3.1
chatbot_005,1784813441.5258389,0.9503804979613051,100.0,1.6
chatbot_005,1784813441.5358171,0.9603588549653068,0.0,3.1
chatbot_005,1784813441.545818,0.9703596709878184,0.0,3.1
chatbot_005,1784813441.555858,0.98039952700492,99.6,1.6
chatbot_005,1784813441.5658376,0.9903792039840482,100.2,3.1
chatbot_005,1784813441.575864,1.0004055600147694,0.0,3.1
chatbot_005,1784813441.5858371,1.0103785669780336,0.0,1.6
chatbot_005,1784813441.595838,1.0203793830005452,100.0,3.1
chatbot_005,1784813441.605848,1.0303895889665,99.9,3.1
chatbot_005,1784813441.6158187,1.0403602760052308,0.0,1.6
chatbot_005,1784813441.6258419,1.050383461988531,99.8,1.6
chatbot_005,1784813441.6358504,1.0603919390123338,99.9,3.1
chatbot_005,1784813441.6458316,1.0703733849804848,0.0,3.1
chatbot_005,1784813441.6558511,1.080392571981065,0.0,1.6
chatbot_005,1784813441.6658032,1.0903447789605707,100.5,3.1
chatbot_005,1784813441.6758199,1.1003612749627791,99.8,3.1
chatbot_005,1784813441.6858284,1.1103697909857146,0.0,1.6
chatbot_005,1784813441.695808,1.120349467964843,100.2,3.1
chatbot_005,1784813441.7058036,1.130345073994249,0.0,3.1
chatbot_005,1784813441.715841,1.1403825599700212,99.6,1.6
chatbot_005,1784813441.7258155,1.1503572069923393,0.0,3.1
chatbot_005,1784813441.7358248,1.1603665329748765,99.9,1.6
chatbot_005,1784813441.745812,1.1703534799744375,100.1,4.6
chatbot_005,1784813441.7558222,1.1803635159740224,0.0,1.6
chatbot_005,1784813441.7658415,1.1903829129878432,0.0,1.6
chatbot_005,1784813441.7758334,1.200374848966021,100.1,4.6
chatbot_005,1784813441.7858229,1.2103645359748043,100.1,1.6
chatbot_005,1784813441.7958145,1.220355922007002,0.0,3.1
chatbot_005,1784813441.8057795,1.230321109003853,100.3,1.6
chatbot_005,1784813441.8158214,1.2403629249893129,0.0,1.6
chatbot_005,1784813441.8258193,1.2503606409882195,0.0,3.1
chatbot_005,1784813441.8358228,1.2603644379996695,100.0,3.1
chatbot_005,1784813441.8458314,1.2703728739870712,99.9,3.1
chatbot_005,1784813441.8558254,1.280367060971912,0.0,1.6
chatbot_005,1784813441.8658404,1.2903819769853726,99.8,3.1
chatbot_005,1784813441.875829,1.3003704539733008,100.1,1.6
chatbot_005,1784813441.8858395,1.3103808599989861,0.0,4.6
chatbot_005,1784813441.8958418,1.3203833359875716,100.0,1.6
chatbot_005,1784813441.9058158,1.3303573930170387,0.0,3.1
chatbot_005,1784813441.9158194,1.3403612289694138,0.0,1.6
chatbot_005,1784813441.9258287,1.3503701859735884,99.9,3.1
chatbot_005,1784813441.9358473,1.3603888420038857,99.8,1.6
chatbot_005,1784813441.945818,1.3703595490078442,0.0,3.1
chatbot_005,1784813441.9558241,1.380365705001168,0.0,3.1
chatbot_005,1784813441.9658022,1.390343781968113,200.4,1.6
chatbot_005,1784813441.9758255,1.4003671479877084,0.0,3.1
chatbot_005,1784813441.9858148,1.410356263979338,0.0,3.1
chatbot_005,1784813441.9957948,1.4203363310080022,100.2,1.6
chatbot_005,1784813442.0057943,1.4303359079640359,100.0,3.1
chatbot_005,1784813442.015836,1.4403774039819837,0.0,3.1
chatbot_005,1784813442.0258212,1.4503627800149843,0.0,1.6
chatbot_005,1784813442.0358233,1.460364977014251,200.0,3.1
chatbot_005,1784813442.0458174,1.4703587929834612,0.0,3.1
chatbot_005,1784813442.0558133,1.480354810017161,0.0,1.6
chatbot_005,1784813442.0657983,1.4903400060138665,100.2,4.6
chatbot_005,1784813442.075808,1.500349642999936,99.9,3.1
chatbot_005,1784813442.0858212,1.5103628090000711,0.0,1.6
chatbot_005,1784813442.0958028,1.520344374992419,0.0,1.6
chatbot_005,1784813442.1057808,1.5303222819929942,100.2,3.1
chatbot_005,1784813442.1158276,1.540368967980612,99.5,3.1
chatbot_005,1784813442.1257825,1.5503241749829613,0.0,1.6
chatbot_005,1784813442.1357915,1.5603332709870301,0.0,3.1
chatbot_005,1784813442.145819,1.5703604170121253,199.5,3.1
chatbot_005,1784813442.155787,1.5803286739974283,0.0,1.6
chatbot_005,1784813442.165779,1.5903208109666593,0.0,3.1
chatbot_005,1784813442.1758034,1.6003449269919656,99.8,1.6
chatbot_005,1784813442.1858296,1.6103712929761969,0.0,3.1
chatbot_005,1784813442.1958146,1.620356239960529,100.1,3.1
chatbot_005,1784813442.2057958,1.6303374459967017,100.2,1.6
chatbot_005,1784813442.2158241,1.6403656819602475,0.0,3.1
chatbot_005,1784813442.2258055,1.650347268965561,0.0,3.2
chatbot_005,1784813442.2356453,1.6601866869605146,101.6,3.2
chatbot_005,1784813442.2457938,1.670335411967244,98.5,1.5
chatbot_005,1784813442.255644,1.680185659963172,0.0,3.2
chatbot_005,1784813442.265666,1.6902076159603894,99.8,1.6
chatbot_005,1784813442.2756658,1.70020714297425,0.0,3.1
chatbot_005,1784813442.285651,1.7101925389724784,100.1,1.6
chatbot_005,1784813442.2956479,1.7201892560115084,0.0,1.6
chatbot_005,1784813442.3056312,1.7301726919831708,100.2,1.6
chatbot_005,1784813442.315673,1.7402146480162628,0.0,3.1
chatbot_005,1784813442.325651,1.750192524981685,100.2,1.6
chatbot_005,1784813442.3356652,1.7602066110121086,99.9,3.1
chatbot_005,1784813442.3456655,1.770206987974234,0.0,0.0
chatbot_005,1784813442.3556929,1.7802343539660797,0.0,3.1
chatbot_005,1784813442.365686,1.7902275499654934,100.1,1.6
chatbot_005,1784813442.3757174,1.8002589459647425,0.0,1.6
chatbot_005,1784813442.3858216,1.8103632010170259,197.9,3.1
chatbot_005,1784813442.3957763,1.820317717967555,0.0,1.6
chatbot_005,1784813442.4058526,1.830394154007081,0.0,1.6
chatbot_005,1784813442.4157894,1.8403309310087934,100.6,3.1
chatbot_005,1784813442.4258258,1.850367336999625,0.0,1.6
chatbot_005,1784813442.4358237,1.860365152999293,100.0,1.6
chatbot_005,1784813442.4457958,1.870337300002575,0.0,3.1
chatbot_005,1784813442.4558167,1.880358166003134,99.8,3.1
chatbot_005,1784813442.4658203,1.8903620530036278,100.0,1.6
chatbot_005,1784813442.4758086,1.9003501489642076,0.0,3.1
chatbot_005,1784813442.4858491,1.9103906250093132,0.0,3.1
chatbot_005,1784813442.4957955,1.9203368930029683,100.5,1.6
chatbot_005,1784813442.5058198,1.9303613489610143,99.8,1.6
chatbot_005,1784813442.5157917,1.9403331449721009,0.0,4.6
chatbot_005,1784813442.525819,1.950360610964708,99.7,1.6
chatbot_005,1784813442.535784,1.9603255579713732,0.0,3.1
chatbot_005,1784813442.5458176,1.970359243976418,99.7,3.1
chatbot_005,1784813442.5558145,1.9803559909923933,0.0,1.6
chatbot_005,1784813442.5658057,1.9903470069984905,100.1,1.6
chatbot_005,1784813442.575828,2.000369512999896,0.0,6.1
chatbot_005,1784813442.5858307,2.0103721899795346,0.0,1.6
chatbot_005,1784813442.5958285,2.0203700959682465,200.0,4.6
chatbot_005,1784813442.6058352,2.030376811977476,0.0,1.6
chatbot_005,1784813442.6158013,2.0403427989804186,0.0,1.6
chatbot_005,1784813442.6258097,2.050351095967926,99.9,3.1
chatbot_005,1784813442.6358204,2.060361801995896,99.9,1.6
chatbot_005,1784813442.645824,2.0703656779951416,0.0,4.6
chatbot_005,1784813442.655825,2.080366474983748,0.0,1.6
chatbot_005,1784813442.6658025,2.0903440209804103,200.4,3.1
chatbot_005,1784813442.6758025,2.1003439279738814,0.0,3.1
chatbot_005,1784813442.685819,2.1103605239768513,0.0,1.6
chatbot_005,1784813442.6958165,2.1203579310094938,100.0,1.6
chatbot_005,1784813442.7058349,2.1303763869800605,99.8,3.1
chatbot_005,1784813442.7158134,2.140354862960521,0.0,3.1
chatbot_005,1784813442.7258263,2.150367889960762,0.0,3.1
chatbot_005,1784813442.7358124,2.1603539959760383,100.1,1.6
chatbot_005,1784813442.7458444,2.1703859819681384,0.0,3.1
chatbot_005,1784813442.7558002,2.1803417889750563,100.4,3.1
chatbot_005,1784813442.765788,2.190329606004525,100.1,1.6
chatbot_005,1784813442.775838,2.2003795219934545,0.0,3.1
chatbot_005,1784813442.785835,2.2103765479987487,0.0,1.6
chatbot_005,1784813442.7958426,2.220384254003875,199.8,4.6
chatbot_005,1784813442.8058212,2.2303626610082574,0.0,1.6
chatbot_005,1784813442.8158333,2.2403748169890605,0.0,3.1
chatbot_005,1784813442.8258042,2.2503459340077825,100.3,3.1
chatbot_005,1784813442.8358097,2.260351250995882,100.0,3.1
chatbot_005,1784813442.8458452,2.270386795978993,0.0,1.6
chatbot_005,1784813442.855826,2.280367463012226,100.2,1.6
chatbot_005,1784813442.8657947,2.2903360199998133,0.0,4.7
chatbot_005,1784813442.8758168,2.300358125998173,99.8,1.6
chatbot_005,1784813442.8858128,2.3103542730095796,0.0,1.6
chatbot_005,1784813442.8958278,2.3203693889663555,0.0,4.5
chatbot_005,1784813442.9058022,2.330343854962848,100.3,1.6
chatbot_005,1784813442.9158375,2.3403789619915187,99.6,1.6
chatbot_005,1784813442.925785,2.3503265389590524,0.0,3.1
chatbot_005,1784813442.9358459,2.3603873339598067,99.4,3.1
chatbot_005,1784813442.9458325,2.370374060992617,0.0,3.1
chatbot_005,1784813442.9558108,2.380352336971555,100.2,1.6
chatbot_005,1784813442.9658,2.390341393998824,0.0,3.1
chatbot_005,1784813442.975837,2.4003785100067034,99.6,3.1
chatbot_005,1784813442.9858174,2.4103590269805863,100.2,1.6
chatbot_005,1784813442.995828,2.42036950297188,0.0,3.1
chatbot_005,1784813443.0058157,2.4303574800142087,100.1,1.6
chatbot_005,1784813443.015817,2.4403586459811777,0.0,3.2
chatbot_005,1784813443.0266852,2.4512266920064576,92.0,4.2
chatbot_005,1784813443.0369554,2.4614969849935733,97.4,3.1
chatbot_005,1784813443.0466518,2.471193454985041,0.0,6.2
chatbot_005,1784813443.0558963,2.4804378710105084,108.2,3.5
chatbot_005,1784813443.0660326,2.4905740650137886,0.0,4.6
chatbot_005,1784813443.075818,2.500359553960152,102.2,1.6
chatbot_005,1784813443.0858445,2.5103859899681993,99.7,3.1
chatbot_005,1784813443.095821,2.520362426992506,0.0,1.6
chatbot_005,1784813443.1057963,2.5303379739634693,0.0,3.1
chatbot_005,1784813443.1158147,2.5403561500133947,99.8,3.1
chatbot_005,1784813443.1258047,2.550346046977211,100.1,1.6
chatbot_005,1784813443.1358242,2.5603657629690133,0.0,1.6
chatbot_005,1784813443.1458137,2.5703552889754064,0.0,4.6
chatbot_005,1784813443.1558177,2.5803592649754137,100.0,3.1
chatbot_005,1784813443.1658578,2.590399520995561,99.6,4.6
chatbot_005,1784813443.1758683,2.6004096280084923,0.0,3.2
chatbot_005,1784813443.1858768,2.6104183539864607,99.9,3.2
chatbot_005,1784813443.195878,2.6204197210026905,0.0,6.2
chatbot_005,1784813443.2058568,2.6303984069963917,100.2,3.1
chatbot_005,1784813443.2158508,2.6403923229663633,100.1,1.6
chatbot_005,1784813443.2258475,2.650389129994437,0.0,3.1
chatbot_005,1784813443.235834,2.660375497012865,100.1,1.6
chatbot_005,1784813443.2458503,2.670392052968964,0.0,3.1
chatbot_005,1784813443.2558362,2.6803776290034875,100.1,1.6
chatbot_005,1784813443.2658308,2.6903722360148095,0.0,3.1
chatbot_005,1784813443.275856,2.700397731969133,99.7,1.6
chatbot_005,1784813443.2858362,2.710377768962644,0.0,4.6
chatbot_005,1784813443.295835,2.720376804994885,100.0,1.6
chatbot_005,1784813443.305841,2.730382581008598,99.9,3.1
chatbot_005,1784813443.3158293,2.740370918007102,0.0,1.6
chatbot_005,1784813443.3258579,2.7503992439596914,0.0,3.1
chatbot_005,1784813443.335844,2.7603856999776326,100.1,1.6
chatbot_005,1784813443.345833,2.770374557003379,100.1,3.1
chatbot_005,1784813443.355853,2.780394633009564,0.0,3.1
chatbot_005,1784813443.3658457,2.790387299959548,100.1,1.6
chatbot_005,1784813443.3758597,2.8004012659657747,0.0,4.6
chatbot_005,1784813443.3858302,2.810371692990884,100.3,1.6
chatbot_005,1784813443.3958313,2.820372859016061,100.0,1.6
chatbot_005,1784813443.40585,2.830391485011205,0.0,3.1
chatbot_005,1784813443.415852,2.840393550985027,0.0,1.6
chatbot_005,1784813443.4258199,2.850361338001676,0.0,3.1
chatbot_005,1784813443.4358456,2.8603871350060217,199.5,3.1
chatbot_005,1784813443.4458551,2.8703968409681693,0.0,1.6
chatbot_005,1784813443.4558578,2.880399257002864,0.0,3.1
chatbot_005,1784813443.4658506,2.8903922240133397,100.1,3.1
chatbot_005,1784813443.4758623,2.900403829989955,99.9,1.6
chatbot_005,1784813443.4858649,2.9104064159910195,0.0,3.1
chatbot_005,1784813443.4958467,2.9203883329755627,0.0,3.1
chatbot_005,1784813443.5058322,2.930373688985128,100.1,1.6
chatbot_005,1784813443.5158472,2.9403887760126963,99.9,3.1
chatbot_005,1784813443.525839,2.950380801979918,0.0,1.6
chatbot_005,1784813443.535861,2.960402488010004,99.8,3.1
chatbot_005,1784813443.545842,2.9703833449748345,0.0,1.6
chatbot_005,1784813443.5558307,2.980372420977801,100.1,4.6
chatbot_005,1784813443.565819,2.9903607880114578,100.1,1.6
chatbot_005,1784813443.5758657,3.0004075239994563,0.0,3.1
chatbot_005,1784813443.5858562,3.0103977299877442,100.1,3.1
chatbot_005,1784813443.5958583,3.020399886998348,0.0,3.1
chatbot_005,1784813443.6058714,3.0304129529977217,0.0,1.6
chatbot_005,1784813443.6158524,3.0403938299859874,100.2,3.1
chatbot_005,1784813443.6258605,3.050401946005877,99.9,1.6
chatbot_005,1784813443.6358366,3.0603783520055003,100.2,3.1
chatbot_005,1784813443.6458552,3.0703968689776957,0.0,3.1
chatbot_005,1784813443.6558204,3.0803617849596776,0.0,3.1
chatbot_005,1784813443.665855,3.0903964809840545,99.7,1.6
chatbot_005,1784813443.675835,3.100376538001001,100.2,3.1
chatbot_005,1784813443.6858518,3.1103935340070166,0.0,3.1
chatbot_005,1784813443.6958635,3.1204052009852603,99.9,1.6
chatbot_005,1784813443.7058482,3.1303898969781585,100.2,3.1
chatbot_005,1784813443.7158365,3.1403780640102923,0.0,3.1
chatbot_005,1784813443.725836,3.1503774899756536,0.0,1.6
chatbot_005,1784813443.7358494,3.160390955978073,99.9,3.1
chatbot_005,1784813443.7458527,3.170394252985716,100.0,1.6
chatbot_005,1784813443.755861,3.1804026489844546,0.0,4.5
chatbot_005,1784813443.7658565,3.1903981950017624,0.0,1.6
chatbot_005,1784813443.77585,3.200391602003947,100.1,1.6
chatbot_005,1784813443.785869,3.2104103679885156,99.8,3.1
chatbot_005,1784813443.7958348,3.220376325014513,0.0,3.1
chatbot_005,1784813443.8058693,3.230410960968584,99.7,1.6
chatbot_005,1784813443.8158565,3.240397837013006,0.0,3.1
chatbot_005,1784813443.8258524,3.2503939339658245,100.0,3.1
chatbot_005,1784813443.8358426,3.2603840709780343,0.0,1.6
chatbot_005,1784813443.845847,3.2703884469810873,100.0,3.1
chatbot_005,1784813443.855828,3.280369503016118,0.0,3.1
chatbot_005,1784813443.8658307,3.2903721400070935,100.0,1.6
chatbot_005,1784813443.8758516,3.3003930259728804,0.0,3.1
chatbot_005,1784813443.8858445,3.3103859319817275,100.1,3.1
chatbot_005,1784813443.8958404,3.3203821390052326,100.0,1.6
chatbot_005,1784813443.9058497,3.3303912350093015,0.0,3.1
chatbot_005,1784813443.915851,3.3403926310129464,0.0,1.6
chatbot_005,1784813443.9257972,3.350338607968297,100.6,3.1
chatbot_005,1784813443.935862,3.36040345398942,99.4,1.6
chatbot_005,1784813443.945837,3.370378510968294,0.0,4.5
chatbot_005,1784813443.955869,3.3804103870061226,99.7,1.6
chatbot_005,1784813443.9658327,3.3903743039700203,100.4,1.6
chatbot_005,1784813443.9758568,3.4003983499715105,0.0,3.1
chatbot_005,1784813443.9858503,3.4103919559856877,100.1,1.6
chatbot_005,1784813443.9958165,3.4203578729648143,0.0,4.6
chatbot_005,1784813444.0058203,3.4303616699762642,0.0,1.6
chatbot_005,1784813444.0158446,3.4403862659819424,99.8,3.1
chatbot_005,1784813444.0258462,3.450387782009784,100.0,1.6
chatbot_005,1784813444.0358787,3.460420097981114,0.0,1.6
chatbot_005,1784813444.045869,3.4704104749835096,100.1,4.6
chatbot_005,1784813444.0558438,3.480385450995527,100.2,1.6
chatbot_005,1784813444.065879,3.4904205669881776,0.0,4.6
chatbot_005,1784813444.0758498,3.500391403969843,0.0,1.6
chatbot_005,1784813444.085853,3.51039483997738,0.0,1.6
chatbot_005,1784813444.0958316,3.520372986968141,200.4,3.1
chatbot_005,1784813444.1058514,3.530392872984521,0.0,1.6
chatbot_005,1784813444.1158347,3.5403762189671397,100.2,4.6
chatbot_005,1784813444.1270008,3.551542431989219,0.0,1.4
